"angle_deg","iu_ca","iv_ca","iw_ca","phase_sum_ca","ialpha_ca","ibeta_ca","id_ca","iq_ca"
"0","100","-50","-50","0","100","0","100","0"
"1","100","-48","-52","0","100","2","100","0"
"2","100","-47","-53","0","100","3","100","0"
"3","100","-45","-55","0","100","5","100","0"
"4","100","-44","-56","0","100","6","100","0"
"5","100","-42","-58","0","100","9","100","0"
"6","99","-41","-58","0","99","9","99","-1"
"7","99","-39","-60","0","99","12","99","0"
"8","99","-37","-62","0","99","14","99","0"
"9","99","-36","-63","0","99","15","100","0"
"10","98","-34","-64","0","98","17","99","0"
"11","98","-33","-65","0","98","18","99","-1"
"12","98","-31","-67","0","98","20","100","0"
"13","97","-29","-68","0","97","22","99","0"
"14","97","-28","-69","0","97","23","99","-1"
"15","97","-26","-71","0","97","25","100","0"
"16","96","-24","-72","0","96","27","99","0"
"17","96","-22","-74","0","96","30","100","0"
"18","95","-21","-74","0","95","30","99","0"
"19","95","-19","-76","0","95","32","100","0"
"20","94","-17","-77","0","94","34","99","0"
"21","93","-16","-77","0","93","35","99","0"
"22","93","-14","-79","0","93","37","100","0"
"23","92","-12","-80","0","92","39","99","0"
"24","91","-10","-81","0","91","40","99","0"
"25","91","-9","-82","0","91","42","100","0"
"26","90","-7","-83","0","90","43","99","0"
"27","89","-5","-84","0","89","45","99","0"
"28","88","-3","-85","0","88","47","99","0"
"29","87","-2","-85","0","87","47","98","-1"
"30","87","0","-87","0","87","50","100","0"
"31","86","2","-88","0","86","51","99","0"
"32","85","3","-88","0","85","52","99","0"
"33","84","5","-89","0","84","54","99","0"
"34","83","7","-90","0","83","56","100","0"
"35","82","9","-91","0","82","57","99","0"
"36","81","10","-91","0","81","58","99","0"
"37","80","12","-92","0","80","60","99","0"
"38","79","14","-93","0","79","61","99","0"
"39","78","16","-94","0","78","63","100","0"
"40","77","17","-94","0","77","64","100","0"
"41","75","19","-94","0","75","65","99","0"
"42","74","21","-95","0","74","66","99","0"
"43","73","22","-95","0","73","67","99","0"
"44","72","24","-96","0","72","69","99","0"
"45","71","26","-97","0","71","71","100","0"
"46","69","28","-97","0","69","72","99","0"
"47","68","29","-97","0","68","72","99","0"
"48","67","31","-98","0","67","74","99","0"
"49","66","33","-99","0","66","76","100","0"
"50","64","34","-98","0","64","76","99","0"
"51","63","36","-99","0","63","77","99","0"
"52","62","37","-99","0","62","78","99","0"
"53","60","39","-99","0","60","79","99","0"
"54","59","41","-100","0","59","81","100","0"
"55","57","42","-99","0","57","81","99","0"
"56","56","44","-100","0","56","83","100","0"
"57","54","45","-99","0","54","83","99","0"
"58","53","47","-100","0","53","84","99","0"
"59","52","48","-100","0","52","85","99","0"
"60","50","50","-100","0","50","86","99","0"
"61","48","52","-100","0","48","87","99","0"
"62","47","53","-100","0","47","88","99","0"
"63","45","54","-99","0","45","88","98","0"
"64","44","56","-100","0","44","90","100","0"
"65","42","57","-99","0","42","90","99","0"
"66","41","59","-100","0","41","91","99","0"
"67","39","60","-99","0","39","91","99","0"
"68","37","62","-99","0","37","92","99","0"
"69","36","63","-99","0","36","93","99","0"
"70","34","64","-98","0","34","93","99","0"
"71","33","66","-99","0","33","95","100","0"
"72","31","67","-98","0","31","95","99","0"
"73","29","68","-97","0","29","95","99","0"
"74","28","69","-97","0","28","95","99","0"
"75","26","71","-97","0","26","96","99","0"
"76","24","72","-96","0","24","96","98","0"
"77","22","73","-95","0","22","96","98","0"
"78","21","74","-95","0","21","97","99","0"
"79","19","75","-94","0","19","97","98","0"
"80","17","77","-94","0","17","98","99","0"
"81","16","78","-94","0","16","99","100","0"
"82","14","79","-93","0","14","99","99","0"
"83","12","80","-92","0","12","99","99","0"
"84","10","81","-91","0","10","99","99","0"
"85","9","82","-91","0","9","99","99","0"
"86","7","83","-90","0","7","99","99","0"
"87","5","84","-89","0","5","99","99","0"
"88","3","85","-88","0","3","99","99","0"
"89","2","86","-88","0","2","100","100","0"
"90","0","87","-87","0","0","100","100","0"
"91","-2","87","-85","0","-2","99","99","0"
"92","-3","88","-85","0","-3","99","99","0"
"93","-5","89","-84","0","-5","99","99","0"
"94","-7","90","-83","0","-7","99","99","0"
"95","-9","91","-82","0","-9","99","99","0"
"96","-10","91","-81","0","-10","99","99","0"
"97","-12","92","-80","0","-12","99","99","0"
"98","-14","93","-79","0","-14","99","99","0"
"99","-16","93","-77","0","-16","98","99","0"
"100","-17","94","-77","0","-17","98","99","0"
"101","-19","95","-76","0","-19","98","99","0"
"102","-21","95","-74","0","-21","97","99","0"
"103","-22","96","-74","0","-22","98","100","0"
"104","-24","96","-72","0","-24","96","98","0"
"105","-26","97","-71","0","-26","96","99","0"
"106","-28","97","-69","0","-28","95","99","0"
"107","-29","97","-68","0","-29","95","99","0"
"108","-31","98","-67","0","-31","95","99","0"
"109","-33","98","-65","0","-33","94","99","0"
"110","-34","98","-64","0","-34","93","99","0"
"111","-36","99","-63","0","-36","93","99","0"
"112","-37","99","-62","0","-37","92","99","0"
"113","-39","99","-60","0","-39","91","99","0"
"114","-41","99","-58","0","-41","90","98","0"
"115","-42","100","-58","0","-42","91","100","0"
"116","-44","100","-56","0","-44","90","100","0"
"117","-45","100","-55","0","-45","89","99","0"
"118","-47","100","-53","0","-47","88","99","0"
"119","-48","100","-52","0","-48","87","99","0"
"120","-50","100","-50","0","-50","86","99","0"
"121","-52","100","-48","0","-52","85","99","0"
"122","-53","100","-47","0","-53","84","99","0"
"123","-54","100","-46","0","-54","84","99","0"
"124","-56","100","-44","0","-56","83","100","0"
"125","-57","100","-43","0","-57","82","99","0"
"126","-59","99","-40","0","-59","80","99","0"
"127","-60","99","-39","0","-60","79","99","0"
"128","-62","99","-37","0","-62","78","99","0"
"129","-63","99","-36","0","-63","77","99","0"
"130","-64","98","-34","0","-64","76","99","0"
"131","-66","98","-32","0","-66","75","99","0"
"132","-67","98","-31","0","-67","74","99","0"
"133","-68","97","-29","0","-68","72","99","0"
"134","-69","97","-28","0","-69","72","99","0"
"135","-71","97","-26","0","-71","71","100","0"
"136","-72","96","-24","0","-72","69","99","0"
"137","-73","96","-23","0","-73","68","99","0"
"138","-74","95","-21","0","-74","66","99","0"
"139","-75","95","-20","0","-75","66","99","0"
"140","-77","94","-17","0","-77","64","100","0"
"141","-78","93","-15","0","-78","62","99","0"
"142","-79","93","-14","0","-79","61","99","0"
"143","-80","92","-12","0","-80","60","99","0"
"144","-81","91","-10","0","-81","58","99","0"
"145","-82","91","-9","0","-82","57","99","0"
"146","-83","90","-7","0","-83","56","100","0"
"147","-84","89","-5","0","-84","54","99","0"
"148","-85","88","-3","0","-85","52","99","0"
"149","-86","87","-1","0","-86","50","99","1"
"150","-87","87","0","0","-87","50","100","0"
"151","-87","86","1","0","-87","49","99","0"
"152","-88","85","3","0","-88","47","99","0"
"153","-89","84","5","0","-89","45","99","0"
"154","-90","83","7","0","-90","43","99","0"
"155","-91","82","9","0","-91","42","100","0"
"156","-91","81","10","0","-91","40","99","0"
"157","-92","80","12","0","-92","39","99","0"
"158","-93","79","14","0","-93","37","100","0"
"159","-93","78","15","0","-93","36","99","0"
"160","-94","77","17","0","-94","34","99","0"
"161","-95","75","20","0","-95","31","99","1"
"162","-95","74","21","0","-95","30","99","0"
"163","-96","73","23","0","-96","28","99","1"
"164","-96","72","24","0","-96","27","99","0"
"165","-97","71","26","0","-97","25","100","0"
"166","-97","69","28","0","-97","23","99","1"
"167","-97","68","29","0","-97","22","99","0"
"168","-98","67","31","0","-98","20","100","0"
"169","-98","66","32","0","-98","19","99","0"
"170","-98","64","34","0","-98","17","99","0"
"171","-99","63","36","0","-99","15","100","0"
"172","-99","62","37","0","-99","14","99","0"
"173","-99","60","39","0","-99","12","99","0"
"174","-99","59","40","0","-99","10","99","0"
"175","-100","57","43","0","-100","8","100","0"
"176","-100","56","44","0","-100","6","100","0"
"177","-100","54","46","0","-100","4","100","1"
"178","-100","53","47","0","-100","3","100","0"
"179","-100","52","48","0","-100","2","100","0"
"180","-100","50","50","0","-100","0","100","0"
"181","-100","48","52","0","-100","-2","100","0"
"182","-100","47","53","0","-100","-3","100","0"
"183","-100","45","55","0","-100","-5","100","0"
"184","-100","44","56","0","-100","-6","100","0"
"185","-100","42","58","0","-100","-9","100","0"
"186","-99","41","58","0","-99","-9","99","-1"
"187","-99","39","60","0","-99","-12","99","0"
"188","-99","37","62","0","-99","-14","99","0"
"189","-99","36","63","0","-99","-15","100","0"
"190","-98","34","64","0","-98","-17","99","0"
"191","-98","33","65","0","-98","-18","99","-1"
"192","-98","31","67","0","-98","-20","100","0"
"193","-97","29","68","0","-97","-22","99","0"
"194","-97","28","69","0","-97","-23","99","-1"
"195","-97","26","71","0","-97","-25","100","0"
"196","-96","24","72","0","-96","-27","99","0"
"197","-96","22","74","0","-96","-30","100","0"
"198","-95","21","74","0","-95","-30","99","0"
"199","-95","19","76","0","-95","-32","100","0"
"200","-94","17","77","0","-94","-34","99","0"
"201","-93","16","77","0","-93","-35","99","0"
"202","-93","14","79","0","-93","-37","100","0"
"203","-92","12","80","0","-92","-39","99","0"
"204","-91","10","81","0","-91","-40","99","0"
"205","-91","9","82","0","-91","-42","100","0"
"206","-90","7","83","0","-90","-43","99","0"
"207","-89","5","84","0","-89","-45","99","0"
"208","-88","3","85","0","-88","-47","99","0"
"209","-87","2","85","0","-87","-47","98","-1"
"210","-87","0","87","0","-87","-50","100","0"
"211","-86","-2","88","0","-86","-51","99","0"
"212","-85","-3","88","0","-85","-52","99","0"
"213","-84","-5","89","0","-84","-54","99","0"
"214","-83","-7","90","0","-83","-56","100","0"
"215","-82","-9","91","0","-82","-57","99","0"
"216","-81","-10","91","0","-81","-58","99","0"
"217","-80","-12","92","0","-80","-60","99","0"
"218","-79","-14","93","0","-79","-61","99","0"
"219","-78","-16","94","0","-78","-63","100","0"
"220","-77","-17","94","0","-77","-64","100","0"
"221","-75","-19","94","0","-75","-65","99","0"
"222","-74","-21","95","0","-74","-66","99","0"
"223","-73","-22","95","0","-73","-67","99","0"
"224","-72","-24","96","0","-72","-69","99","0"
"225","-71","-26","97","0","-71","-71","100","0"
"226","-69","-28","97","0","-69","-72","99","0"
"227","-68","-29","97","0","-68","-72","99","0"
"228","-67","-31","98","0","-67","-74","99","0"
"229","-66","-33","99","0","-66","-76","100","0"
"230","-64","-34","98","0","-64","-76","99","0"
"231","-63","-36","99","0","-63","-77","99","0"
"232","-62","-37","99","0","-62","-78","99","0"
"233","-60","-39","99","0","-60","-79","99","0"
"234","-59","-41","100","0","-59","-81","100","0"
"235","-57","-42","99","0","-57","-81","99","0"
"236","-56","-44","100","0","-56","-83","100","0"
"237","-54","-45","99","0","-54","-83","99","0"
"238","-53","-47","100","0","-53","-84","99","0"
"239","-52","-48","100","0","-52","-85","99","0"
"240","-50","-50","100","0","-50","-86","99","0"
"241","-48","-52","100","0","-48","-87","99","0"
"242","-47","-53","100","0","-47","-88","99","0"
"243","-45","-54","99","0","-45","-88","98","0"
"244","-44","-56","100","0","-44","-90","100","0"
"245","-42","-57","99","0","-42","-90","99","0"
"246","-41","-59","100","0","-41","-91","99","0"
"247","-39","-60","99","0","-39","-91","99","0"
"248","-37","-62","99","0","-37","-92","99","0"
"249","-36","-63","99","0","-36","-93","99","0"
"250","-34","-64","98","0","-34","-93","99","0"
"251","-33","-66","99","0","-33","-95","100","0"
"252","-31","-67","98","0","-31","-95","99","0"
"253","-29","-68","97","0","-29","-95","99","0"
"254","-28","-69","97","0","-28","-95","99","0"
"255","-26","-71","97","0","-26","-96","99","0"
"256","-24","-72","96","0","-24","-96","98","0"
"257","-22","-73","95","0","-22","-96","98","0"
"258","-21","-74","95","0","-21","-97","99","0"
"259","-19","-75","94","0","-19","-97","98","0"
"260","-17","-77","94","0","-17","-98","99","0"
"261","-16","-78","94","0","-16","-99","100","0"
"262","-14","-79","93","0","-14","-99","99","0"
"263","-12","-80","92","0","-12","-99","99","0"
"264","-10","-81","91","0","-10","-99","99","0"
"265","-9","-82","91","0","-9","-99","99","0"
"266","-7","-83","90","0","-7","-99","99","0"
"267","-5","-84","89","0","-5","-99","99","0"
"268","-3","-85","88","0","-3","-99","99","0"
"269","-2","-86","88","0","-2","-100","100","0"
"270","0","-87","87","0","0","-100","100","0"
"271","2","-87","85","0","2","-99","99","0"
"272","3","-88","85","0","3","-99","99","0"
"273","5","-89","84","0","5","-99","99","0"
"274","7","-90","83","0","7","-99","99","0"
"275","9","-91","82","0","9","-99","99","0"
"276","10","-91","81","0","10","-99","99","0"
"277","12","-92","80","0","12","-99","99","0"
"278","14","-93","79","0","14","-99","99","0"
"279","16","-93","77","0","16","-98","99","0"
"280","17","-94","77","0","17","-98","99","0"
"281","19","-95","76","0","19","-98","99","0"
"282","21","-95","74","0","21","-97","99","0"
"283","22","-96","74","0","22","-98","100","0"
"284","24","-96","72","0","24","-96","98","0"
"285","26","-97","71","0","26","-96","99","0"
"286","28","-97","69","0","28","-95","99","0"
"287","29","-97","68","0","29","-95","99","0"
"288","31","-98","67","0","31","-95","99","0"
"289","33","-98","65","0","33","-94","99","0"
"290","34","-98","64","0","34","-93","99","0"
"291","36","-99","63","0","36","-93","99","0"
"292","37","-99","62","0","37","-92","99","0"
"293","39","-99","60","0","39","-91","99","0"
"294","41","-99","58","0","41","-90","98","0"
"295","42","-100","58","0","42","-91","100","0"
"296","44","-100","56","0","44","-90","100","0"
"297","45","-100","55","0","45","-89","99","0"
"298","47","-100","53","0","47","-88","99","0"
"299","48","-100","52","0","48","-87","99","0"
"300","50","-100","50","0","50","-86","99","0"
"301","52","-100","48","0","52","-85","99","0"
"302","53","-100","47","0","53","-84","99","0"
"303","54","-100","46","0","54","-84","99","0"
"304","56","-100","44","0","56","-83","100","0"
"305","57","-100","43","0","57","-82","99","0"
"306","59","-99","40","0","59","-80","99","0"
"307","60","-99","39","0","60","-79","99","0"
"308","62","-99","37","0","62","-78","99","0"
"309","63","-99","36","0","63","-77","99","0"
"310","64","-98","34","0","64","-76","99","0"
"311","66","-98","32","0","66","-75","99","0"
"312","67","-98","31","0","67","-74","99","0"
"313","68","-97","29","0","68","-72","99","0"
"314","69","-97","28","0","69","-72","99","0"
"315","71","-97","26","0","71","-71","100","0"
"316","72","-96","24","0","72","-69","99","0"
"317","73","-96","23","0","73","-68","99","0"
"318","74","-95","21","0","74","-66","99","0"
"319","75","-95","20","0","75","-66","99","0"
"320","77","-94","17","0","77","-64","100","0"
"321","78","-93","15","0","78","-62","99","0"
"322","79","-93","14","0","79","-61","99","0"
"323","80","-92","12","0","80","-60","99","0"
"324","81","-91","10","0","81","-58","99","0"
"325","82","-91","9","0","82","-57","99","0"
"326","83","-90","7","0","83","-56","100","0"
"327","84","-89","5","0","84","-54","99","0"
"328","85","-88","3","0","85","-52","99","0"
"329","86","-87","1","0","86","-50","99","1"
"330","87","-87","0","0","87","-50","100","0"
"331","87","-86","-1","0","87","-49","99","0"
"332","88","-85","-3","0","88","-47","99","0"
"333","89","-84","-5","0","89","-45","99","0"
"334","90","-83","-7","0","90","-43","99","0"
"335","91","-82","-9","0","91","-42","100","0"
"336","91","-81","-10","0","91","-40","99","0"
"337","92","-80","-12","0","92","-39","99","0"
"338","93","-79","-14","0","93","-37","100","0"
"339","93","-78","-15","0","93","-36","99","0"
"340","94","-77","-17","0","94","-34","99","0"
"341","95","-75","-20","0","95","-31","99","1"
"342","95","-74","-21","0","95","-30","99","0"
"343","96","-73","-23","0","96","-28","99","1"
"344","96","-72","-24","0","96","-27","99","0"
"345","97","-71","-26","0","97","-25","100","0"
"346","97","-69","-28","0","97","-23","99","1"
"347","97","-68","-29","0","97","-22","99","0"
"348","98","-67","-31","0","98","-20","100","0"
"349","98","-66","-32","0","98","-19","99","0"
"350","98","-64","-34","0","98","-17","99","0"
"351","99","-63","-36","0","99","-15","100","0"
"352","99","-62","-37","0","99","-14","99","0"
"353","99","-60","-39","0","99","-12","99","0"
"354","99","-59","-40","0","99","-10","99","0"
"355","100","-57","-43","0","100","-8","100","0"
"356","100","-56","-44","0","100","-6","100","0"
"357","100","-54","-46","0","100","-4","100","1"
"358","100","-53","-47","0","100","-3","100","0"
"359","100","-52","-48","0","100","-2","100","0"
"360","100","-50","-50","0","100","0","100","0"
