"angle_deg","id_cmd_ca","iq_cmd_ca","iu_ca","iv_ca","iw_ca","ialpha_ca","ibeta_ca","id_ca","iq_ca"
"0","100","100","100","36","-136","100","99","100","99"
"1","100","100","98","39","-137","98","101","99","99"
"2","100","100","96","41","-137","96","102","99","98"
"3","100","100","94","44","-138","94","105","99","99"
"4","100","100","92","46","-138","92","106","99","99"
"5","100","100","90","48","-138","90","107","98","98"
"6","100","100","88","51","-139","88","109","98","99"
"7","100","100","87","53","-140","87","111","99","99"
"8","100","100","85","55","-140","85","112","99","99"
"9","100","100","83","57","-140","83","113","99","98"
"10","100","100","81","59","-140","81","114","99","98"
"11","100","100","79","62","-141","79","117","99","99"
"12","100","100","77","64","-141","77","118","99","99"
"13","100","100","74","66","-140","74","118","98","98"
"14","100","100","72","68","-140","72","120","98","99"
"15","100","100","70","71","-141","70","122","99","99"
"16","100","100","68","73","-141","68","123","99","99"
"17","100","100","66","75","-141","66","124","99","99"
"18","100","100","64","77","-141","64","125","99","99"
"19","100","100","61","79","-140","61","126","98","99"
"20","100","100","59","81","-140","59","127","98","99"
"21","100","100","57","83","-140","57","128","99","99"
"22","100","100","55","85","-140","55","129","99","99"
"23","100","100","52","87","-139","52","130","98","99"
"24","100","100","50","89","-139","50","131","98","99"
"25","100","100","48","91","-139","48","132","99","99"
"26","100","100","46","92","-138","46","132","99","98"
"27","100","100","43","94","-137","43","133","98","98"
"28","100","100","41","96","-137","41","134","99","99"
"29","100","100","38","98","-136","38","135","98","99"
"30","100","100","36","100","-136","36","136","99","99"
"31","100","100","34","101","-135","34","136","99","99"
"32","100","100","31","103","-134","31","136","98","98"
"33","100","100","29","105","-134","29","137","98","99"
"34","100","100","26","107","-133","26","138","98","99"
"35","100","100","24","108","-132","24","138","98","99"
"36","100","100","22","109","-131","22","138","98","98"
"37","100","100","19","111","-130","19","139","98","99"
"38","100","100","17","113","-130","17","140","99","99"
"39","100","100","14","114","-128","14","139","98","99"
"40","100","100","12","116","-128","12","140","99","99"
"41","100","100","9","117","-126","9","140","98","99"
"42","100","100","7","118","-125","7","140","98","99"
"43","100","100","4","120","-124","4","140","98","99"
"44","100","100","2","121","-123","2","140","98","99"
"45","100","100","0","122","-122","0","140","98","98"
"46","100","100","-2","123","-121","-2","140","99","98"
"47","100","100","-4","124","-120","-4","140","99","98"
"48","100","100","-7","125","-118","-7","140","99","98"
"49","100","100","-9","126","-117","-9","140","99","98"
"50","100","100","-12","128","-116","-12","140","99","99"
"51","100","100","-14","128","-114","-14","139","99","98"
"52","100","100","-17","130","-113","-17","140","99","99"
"53","100","100","-19","130","-111","-19","139","99","98"
"54","100","100","-22","131","-109","-22","138","98","98"
"55","100","100","-24","132","-108","-24","138","99","98"
"56","100","100","-26","133","-107","-26","138","99","98"
"57","100","100","-29","134","-105","-29","137","99","98"
"58","100","100","-31","134","-103","-31","136","98","98"
"59","100","100","-34","135","-101","-34","136","99","99"
"60","100","100","-36","136","-100","-36","136","99","99"
"61","100","100","-38","136","-98","-38","135","99","98"
"62","100","100","-41","137","-96","-41","134","99","99"
"63","100","100","-43","137","-94","-43","133","98","98"
"64","100","100","-46","138","-92","-46","132","98","99"
"65","100","100","-48","139","-91","-48","132","99","99"
"66","100","100","-50","139","-89","-50","131","99","98"
"67","100","100","-52","139","-87","-52","130","99","98"
"68","100","100","-55","140","-85","-55","129","99","99"
"69","100","100","-57","140","-83","-57","128","99","99"
"70","100","100","-59","140","-81","-59","127","99","98"
"71","100","100","-61","140","-79","-61","126","99","98"
"72","100","100","-64","141","-77","-64","125","99","99"
"73","100","100","-66","141","-75","-66","124","99","99"
"74","100","100","-68","141","-73","-68","123","99","99"
"75","100","100","-70","141","-71","-70","122","99","99"
"76","100","100","-72","140","-68","-72","120","99","98"
"77","100","100","-74","140","-66","-74","118","98","98"
"78","100","100","-77","141","-64","-77","118","99","99"
"79","100","100","-79","141","-62","-79","117","99","99"
"80","100","100","-81","140","-59","-81","114","98","99"
"81","100","100","-83","140","-57","-83","113","98","99"
"82","100","100","-85","140","-55","-85","112","99","99"
"83","100","100","-87","140","-53","-87","111","99","99"
"84","100","100","-88","139","-51","-88","109","99","98"
"85","100","100","-90","138","-48","-90","107","98","98"
"86","100","100","-92","138","-46","-92","106","99","99"
"87","100","100","-94","138","-44","-94","105","99","99"
"88","100","100","-96","137","-41","-96","102","98","99"
"89","100","100","-98","137","-39","-98","101","99","99"
"90","100","100","-100","136","-36","-100","99","99","100"
"91","100","100","-101","135","-34","-101","97","98","99"
"92","100","100","-103","135","-32","-103","96","99","99"
"93","100","100","-105","134","-29","-105","94","99","99"
"94","100","100","-106","133","-27","-106","92","99","99"
"95","100","100","-108","132","-24","-108","90","99","99"
"96","100","100","-109","131","-22","-109","88","98","99"
"97","100","100","-111","130","-19","-111","86","98","99"
"98","100","100","-112","129","-17","-112","84","98","99"
"99","100","100","-114","128","-14","-114","81","97","99"
"100","100","100","-115","127","-12","-115","80","98","99"
"101","100","100","-117","126","-9","-117","77","97","100"
"102","100","100","-118","125","-7","-118","76","98","99"
"103","100","100","-119","124","-5","-119","74","98","99"
"104","100","100","-121","123","-2","-121","72","99","99"
"105","100","100","-122","122","0","-122","70","99","99"
"106","100","100","-123","120","3","-123","67","98","99"
"107","100","100","-124","119","5","-124","65","98","99"
"108","100","100","-126","118","8","-126","63","98","100"
"109","100","100","-127","117","10","-127","61","99","100"
"110","100","100","-128","115","13","-128","58","98","100"
"111","100","100","-129","114","15","-129","57","99","100"
"112","100","100","-130","112","18","-130","54","98","100"
"113","100","100","-131","111","20","-131","52","99","100"
"114","100","100","-132","109","23","-132","49","98","100"
"115","100","100","-132","107","25","-132","47","98","99"
"116","100","100","-133","106","27","-133","45","98","99"
"117","100","100","-134","104","30","-134","42","98","100"
"118","100","100","-135","103","32","-135","40","98","100"
"119","100","100","-135","101","34","-135","38","98","99"
"120","100","100","-136","99","37","-136","35","98","100"
"121","100","100","-137","98","39","-137","34","99","99"
"122","100","100","-137","96","41","-137","31","98","99"
"123","100","100","-138","94","44","-138","28","98","100"
"124","100","100","-138","92","46","-138","26","98","99"
"125","100","100","-139","90","49","-139","23","98","100"
"126","100","100","-139","88","51","-139","21","98","100"
"127","100","100","-140","87","53","-140","19","99","100"
"128","100","100","-140","84","56","-140","16","98","100"
"129","100","100","-140","82","58","-140","13","98","100"
"130","100","100","-140","80","60","-140","11","98","100"
"131","100","100","-141","79","62","-141","9","99","100"
"132","100","100","-141","76","65","-141","6","98","100"
"133","100","100","-141","74","67","-141","4","99","100"
"134","100","100","-141","72","69","-141","1","98","100"
"135","100","100","-141","70","71","-141","0","99","99"
"136","100","100","-141","68","73","-141","-2","100","99"
"137","100","100","-141","66","75","-141","-5","99","99"
"138","100","100","-141","64","77","-141","-7","100","99"
"139","100","100","-141","61","80","-141","-10","99","100"
"140","100","100","-140","59","81","-140","-12","99","99"
"141","100","100","-140","57","83","-140","-15","99","99"
"142","100","100","-140","55","85","-140","-17","99","99"
"143","100","100","-140","52","88","-140","-20","99","100"
"144","100","100","-139","50","89","-139","-22","99","99"
"145","100","100","-139","48","91","-139","-24","100","99"
"146","100","100","-138","45","93","-138","-27","99","99"
"147","100","100","-138","43","95","-138","-30","99","100"
"148","100","100","-137","40","97","-137","-32","99","99"
"149","100","100","-137","38","99","-137","-35","99","100"
"150","100","100","-136","36","100","-136","-36","99","99"
"151","100","100","-135","33","102","-135","-39","99","99"
"152","100","100","-135","31","104","-135","-42","99","100"
"153","100","100","-134","29","105","-134","-43","99","99"
"154","100","100","-133","26","107","-133","-46","99","99"
"155","100","100","-132","24","108","-132","-48","99","99"
"156","100","100","-132","22","110","-132","-50","100","99"
"157","100","100","-131","19","112","-131","-53","99","99"
"158","100","100","-130","17","113","-130","-55","99","99"
"159","100","100","-129","14","115","-129","-58","99","100"
"160","100","100","-128","12","116","-128","-60","99","100"
"161","100","100","-127","9","118","-127","-62","99","99"
"162","100","100","-126","7","119","-126","-64","100","99"
"163","100","100","-124","4","120","-124","-66","99","99"
"164","100","100","-123","2","121","-123","-68","99","99"
"165","100","100","-122","0","122","-122","-70","99","99"
"166","100","100","-121","-2","123","-121","-72","99","99"
"167","100","100","-119","-5","124","-119","-74","99","98"
"168","100","100","-118","-7","125","-118","-76","99","98"
"169","100","100","-117","-9","126","-117","-77","100","97"
"170","100","100","-115","-12","127","-115","-80","99","98"
"171","100","100","-114","-14","128","-114","-81","99","97"
"172","100","100","-112","-17","129","-112","-84","99","98"
"173","100","100","-111","-19","130","-111","-86","99","98"
"174","100","100","-109","-22","131","-109","-88","99","98"
"175","100","100","-108","-24","132","-108","-90","99","99"
"176","100","100","-106","-27","133","-106","-92","99","99"
"177","100","100","-105","-29","134","-105","-94","99","99"
"178","100","100","-103","-32","135","-103","-96","99","99"
"179","100","100","-101","-34","135","-101","-97","99","98"
"180","100","100","-100","-36","136","-100","-99","99","99"
"181","100","100","-98","-39","137","-98","-101","99","99"
"182","100","100","-96","-41","137","-96","-102","99","98"
"183","100","100","-94","-44","138","-94","-105","99","99"
"184","100","100","-92","-46","138","-92","-106","99","99"
"185","100","100","-90","-48","138","-90","-107","98","98"
"186","100","100","-88","-51","139","-88","-109","98","99"
"187","100","100","-87","-53","140","-87","-111","99","99"
"188","100","100","-85","-55","140","-85","-112","99","99"
"189","100","100","-83","-57","140","-83","-113","99","98"
"190","100","100","-81","-59","140","-81","-114","99","98"
"191","100","100","-79","-62","141","-79","-117","99","99"
"192","100","100","-77","-64","141","-77","-118","99","99"
"193","100","100","-74","-66","140","-74","-118","98","98"
"194","100","100","-72","-68","140","-72","-120","98","99"
"195","100","100","-70","-71","141","-70","-122","99","99"
"196","100","100","-68","-73","141","-68","-123","99","99"
"197","100","100","-66","-75","141","-66","-124","99","99"
"198","100","100","-64","-77","141","-64","-125","99","99"
"199","100","100","-61","-79","140","-61","-126","98","99"
"200","100","100","-59","-81","140","-59","-127","98","99"
"201","100","100","-57","-83","140","-57","-128","99","99"
"202","100","100","-55","-85","140","-55","-129","99","99"
"203","100","100","-52","-87","139","-52","-130","98","99"
"204","100","100","-50","-89","139","-50","-131","98","99"
"205","100","100","-48","-91","139","-48","-132","99","99"
"206","100","100","-46","-92","138","-46","-132","99","98"
"207","100","100","-43","-94","137","-43","-133","98","98"
"208","100","100","-41","-96","137","-41","-134","99","99"
"209","100","100","-38","-98","136","-38","-135","98","99"
"210","100","100","-36","-100","136","-36","-136","99","99"
"211","100","100","-34","-101","135","-34","-136","99","99"
"212","100","100","-31","-103","134","-31","-136","98","98"
"213","100","100","-29","-105","134","-29","-137","98","99"
"214","100","100","-26","-107","133","-26","-138","98","99"
"215","100","100","-24","-108","132","-24","-138","98","99"
"216","100","100","-22","-109","131","-22","-138","98","98"
"217","100","100","-19","-111","130","-19","-139","98","99"
"218","100","100","-17","-113","130","-17","-140","99","99"
"219","100","100","-14","-114","128","-14","-139","98","99"
"220","100","100","-12","-116","128","-12","-140","99","99"
"221","100","100","-9","-117","126","-9","-140","98","99"
"222","100","100","-7","-118","125","-7","-140","98","99"
"223","100","100","-4","-120","124","-4","-140","98","99"
"224","100","100","-2","-121","123","-2","-140","98","99"
"225","100","100","0","-122","122","0","-140","98","98"
"226","100","100","2","-123","121","2","-140","99","98"
"227","100","100","4","-124","120","4","-140","99","98"
"228","100","100","7","-125","118","7","-140","99","98"
"229","100","100","9","-126","117","9","-140","99","98"
"230","100","100","12","-128","116","12","-140","99","99"
"231","100","100","14","-128","114","14","-139","99","98"
"232","100","100","17","-130","113","17","-140","99","99"
"233","100","100","19","-130","111","19","-139","99","98"
"234","100","100","22","-131","109","22","-138","98","98"
"235","100","100","24","-132","108","24","-138","99","98"
"236","100","100","26","-133","107","26","-138","99","98"
"237","100","100","29","-134","105","29","-137","99","98"
"238","100","100","31","-134","103","31","-136","98","98"
"239","100","100","34","-135","101","34","-136","99","99"
"240","100","100","36","-136","100","36","-136","99","99"
"241","100","100","38","-136","98","38","-135","99","98"
"242","100","100","41","-137","96","41","-134","99","99"
"243","100","100","43","-137","94","43","-133","98","98"
"244","100","100","46","-138","92","46","-132","98","99"
"245","100","100","48","-139","91","48","-132","99","99"
"246","100","100","50","-139","89","50","-131","99","98"
"247","100","100","52","-139","87","52","-130","99","98"
"248","100","100","55","-140","85","55","-129","99","99"
"249","100","100","57","-140","83","57","-128","99","99"
"250","100","100","59","-140","81","59","-127","99","98"
"251","100","100","61","-140","79","61","-126","99","98"
"252","100","100","64","-141","77","64","-125","99","99"
"253","100","100","66","-141","75","66","-124","99","99"
"254","100","100","68","-141","73","68","-123","99","99"
"255","100","100","70","-141","71","70","-122","99","99"
"256","100","100","72","-140","68","72","-120","99","98"
"257","100","100","74","-140","66","74","-118","98","98"
"258","100","100","77","-141","64","77","-118","99","99"
"259","100","100","79","-141","62","79","-117","99","99"
"260","100","100","81","-140","59","81","-114","98","99"
"261","100","100","83","-140","57","83","-113","98","99"
"262","100","100","85","-140","55","85","-112","99","99"
"263","100","100","87","-140","53","87","-111","99","99"
"264","100","100","88","-139","51","88","-109","99","98"
"265","100","100","90","-138","48","90","-107","98","98"
"266","100","100","92","-138","46","92","-106","99","99"
"267","100","100","94","-138","44","94","-105","99","99"
"268","100","100","96","-137","41","96","-102","98","99"
"269","100","100","98","-137","39","98","-101","99","99"
"270","100","100","99","-136","37","99","-99","98","99"
"271","100","100","101","-135","34","101","-97","98","99"
"272","100","100","103","-135","32","103","-96","99","99"
"273","100","100","105","-134","29","105","-94","99","99"
"274","100","100","106","-133","27","106","-92","99","99"
"275","100","100","108","-132","24","108","-90","99","99"
"276","100","100","109","-131","22","109","-88","98","99"
"277","100","100","111","-130","19","111","-86","98","99"
"278","100","100","112","-129","17","112","-84","98","99"
"279","100","100","114","-128","14","114","-81","97","99"
"280","100","100","115","-127","12","115","-80","98","99"
"281","100","100","117","-126","9","117","-77","97","100"
"282","100","100","118","-125","7","118","-76","98","99"
"283","100","100","119","-124","5","119","-74","98","99"
"284","100","100","121","-123","2","121","-72","99","99"
"285","100","100","122","-122","0","122","-70","99","99"
"286","100","100","123","-120","-3","123","-67","98","99"
"287","100","100","124","-119","-5","124","-65","98","99"
"288","100","100","126","-118","-8","126","-63","98","100"
"289","100","100","127","-117","-10","127","-61","99","100"
"290","100","100","128","-115","-13","128","-58","98","100"
"291","100","100","129","-114","-15","129","-57","99","100"
"292","100","100","130","-112","-18","130","-54","98","100"
"293","100","100","131","-111","-20","131","-52","99","100"
"294","100","100","132","-109","-23","132","-49","98","100"
"295","100","100","132","-107","-25","132","-47","98","99"
"296","100","100","133","-106","-27","133","-45","98","99"
"297","100","100","134","-104","-30","134","-42","98","100"
"298","100","100","135","-103","-32","135","-40","98","100"
"299","100","100","135","-101","-34","135","-38","98","99"
"300","100","100","136","-99","-37","136","-35","98","100"
"301","100","100","137","-98","-39","137","-34","99","99"
"302","100","100","137","-96","-41","137","-31","98","99"
"303","100","100","138","-94","-44","138","-28","98","100"
"304","100","100","138","-92","-46","138","-26","98","99"
"305","100","100","139","-90","-49","139","-23","98","100"
"306","100","100","139","-88","-51","139","-21","98","100"
"307","100","100","140","-87","-53","140","-19","99","100"
"308","100","100","140","-84","-56","140","-16","98","100"
"309","100","100","140","-82","-58","140","-13","98","100"
"310","100","100","140","-80","-60","140","-11","98","100"
"311","100","100","141","-79","-62","141","-9","99","100"
"312","100","100","141","-76","-65","141","-6","98","100"
"313","100","100","141","-74","-67","141","-4","99","100"
"314","100","100","141","-72","-69","141","-1","98","100"
"315","100","100","141","-70","-71","141","0","99","99"
"316","100","100","141","-68","-73","141","2","100","99"
"317","100","100","141","-66","-75","141","5","99","99"
"318","100","100","141","-64","-77","141","7","100","99"
"319","100","100","141","-61","-80","141","10","99","100"
"320","100","100","140","-59","-81","140","12","99","99"
"321","100","100","140","-57","-83","140","15","99","99"
"322","100","100","140","-55","-85","140","17","99","99"
"323","100","100","140","-52","-88","140","20","99","100"
"324","100","100","139","-50","-89","139","22","99","99"
"325","100","100","139","-48","-91","139","24","100","99"
"326","100","100","138","-45","-93","138","27","99","99"
"327","100","100","138","-43","-95","138","30","99","100"
"328","100","100","137","-40","-97","137","32","99","99"
"329","100","100","137","-38","-99","137","35","99","100"
"330","100","100","136","-36","-100","136","36","99","99"
"331","100","100","135","-33","-102","135","39","99","99"
"332","100","100","135","-31","-104","135","42","99","100"
"333","100","100","134","-29","-105","134","43","99","99"
"334","100","100","133","-26","-107","133","46","99","99"
"335","100","100","132","-24","-108","132","48","99","99"
"336","100","100","132","-22","-110","132","50","100","99"
"337","100","100","131","-19","-112","131","53","99","99"
"338","100","100","130","-17","-113","130","55","99","99"
"339","100","100","129","-14","-115","129","58","99","100"
"340","100","100","128","-12","-116","128","60","99","100"
"341","100","100","127","-9","-118","127","62","99","99"
"342","100","100","126","-7","-119","126","64","100","99"
"343","100","100","124","-4","-120","124","66","99","99"
"344","100","100","123","-2","-121","123","68","99","99"
"345","100","100","122","0","-122","122","70","99","99"
"346","100","100","121","2","-123","121","72","99","99"
"347","100","100","119","5","-124","119","74","99","98"
"348","100","100","118","7","-125","118","76","99","98"
"349","100","100","117","9","-126","117","77","100","97"
"350","100","100","115","12","-127","115","80","99","98"
"351","100","100","114","14","-128","114","81","99","97"
"352","100","100","112","17","-129","112","84","99","98"
"353","100","100","111","19","-130","111","86","99","98"
"354","100","100","109","22","-131","109","88","99","98"
"355","100","100","108","24","-132","108","90","99","99"
"356","100","100","106","27","-133","106","92","99","99"
"357","100","100","105","29","-134","105","94","99","99"
"358","100","100","103","32","-135","103","96","99","99"
"359","100","100","101","34","-135","101","97","99","98"
"360","100","100","100","36","-136","100","99","99","99"
