"angle_deg","vd_cpct","vq_cpct","valpha_cpct","vbeta_cpct","svm_u_cpct","svm_v_cpct","svm_w_cpct"
"0","0","100","0","100","5000","5086","4914"
"1","0","100","-1","99","4999","5086","4915"
"2","0","100","-3","99","4996","5086","4915"
"3","0","100","-5","99","4993","5086","4915"
"4","0","100","-6","99","4991","5085","4915"
"5","0","100","-8","99","4988","5085","4915"
"6","0","100","-10","99","4985","5085","4915"
"7","0","100","-12","99","4982","5085","4915"
"8","0","100","-13","99","4981","5086","4915"
"9","0","100","-15","98","4978","5085","4916"
"10","0","100","-17","98","4975","5085","4916"
"11","0","100","-19","98","4972","5085","4916"
"12","0","100","-20","97","4970","5084","4916"
"13","0","100","-22","97","4967","5084","4916"
"14","0","100","-24","97","4964","5084","4916"
"15","0","100","-25","96","4963","5083","4918"
"16","0","100","-27","96","4960","5083","4918"
"17","0","100","-29","95","4957","5082","4919"
"18","0","100","-30","95","4955","5082","4918"
"19","0","100","-32","94","4952","5081","4919"
"20","0","100","-34","93","4949","5080","4920"
"21","0","100","-35","93","4948","5081","4920"
"22","0","100","-37","92","4945","5080","4921"
"23","0","100","-39","92","4942","5080","4921"
"24","0","100","-40","91","4940","5078","4922"
"25","0","100","-42","90","4937","5077","4923"
"26","0","100","-43","89","4936","5077","4924"
"27","0","100","-45","89","4933","5077","4924"
"28","0","100","-46","88","4931","5076","4924"
"29","0","100","-48","87","4928","5075","4925"
"30","0","100","-49","86","4927","5074","4927"
"31","0","100","-51","85","4925","5075","4928"
"32","0","100","-52","84","4925","5075","4931"
"33","0","100","-54","83","4924","5076","4934"
"34","0","100","-55","82","4924","5077","4936"
"35","0","100","-57","81","4923","5078","4939"
"36","0","100","-58","80","4922","5078","4940"
"37","0","100","-60","79","4921","5079","4943"
"38","0","100","-61","78","4921","5080","4945"
"39","0","100","-62","77","4921","5080","4948"
"40","0","100","-64","76","4920","5081","4951"
"41","0","100","-65","75","4919","5081","4952"
"42","0","100","-66","74","4919","5082","4954"
"43","0","100","-68","73","4918","5083","4957"
"44","0","100","-69","71","4918","5082","4961"
"45","0","100","-70","70","4918","5083","4963"
"46","0","100","-71","69","4917","5083","4964"
"47","0","100","-73","68","4916","5084","4967"
"48","0","100","-74","66","4916","5084","4970"
"49","0","100","-75","65","4916","5084","4973"
"50","0","100","-76","64","4916","5085","4975"
"51","0","100","-77","62","4916","5085","4978"
"52","0","100","-78","61","4916","5085","4981"
"53","0","100","-79","60","4915","5085","4982"
"54","0","100","-80","58","4915","5085","4985"
"55","0","100","-81","57","4915","5085","4988"
"56","0","100","-82","55","4915","5085","4991"
"57","0","100","-83","54","4915","5086","4993"
"58","0","100","-84","52","4915","5086","4996"
"59","0","100","-85","51","4915","5086","4999"
"60","0","100","-86","50","4914","5086","5000"
"61","0","100","-87","48","4914","5086","5002"
"62","0","100","-88","46","4914","5085","5006"
"63","0","100","-89","45","4914","5086","5008"
"64","0","100","-89","43","4915","5085","5011"
"65","0","100","-90","42","4914","5085","5012"
"66","0","100","-91","40","4914","5085","5015"
"67","0","100","-92","39","4914","5085","5018"
"68","0","100","-92","37","4915","5085","5020"
"69","0","100","-93","35","4915","5084","5024"
"70","0","100","-93","34","4916","5084","5026"
"71","0","100","-94","32","4916","5084","5029"
"72","0","100","-95","30","4916","5084","5032"
"73","0","100","-95","29","4916","5083","5033"
"74","0","100","-96","27","4916","5083","5036"
"75","0","100","-96","25","4917","5082","5039"
"76","0","100","-97","24","4917","5083","5041"
"77","0","100","-97","22","4918","5082","5044"
"78","0","100","-97","20","4919","5081","5047"
"79","0","100","-98","19","4918","5081","5048"
"80","0","100","-98","17","4919","5080","5051"
"81","0","100","-98","15","4920","5079","5054"
"82","0","100","-99","13","4920","5079","5057"
"83","0","100","-99","12","4921","5079","5059"
"84","0","100","-99","10","4921","5078","5060"
"85","0","100","-99","8","4922","5077","5063"
"86","0","100","-99","6","4923","5076","5066"
"87","0","100","-99","5","4924","5076","5068"
"88","0","100","-99","3","4924","5075","5069"
"89","0","100","-99","1","4925","5074","5072"
"90","0","100","-100","0","4925","5075","5075"
"91","0","100","-99","-1","4925","5072","5074"
"92","0","100","-99","-3","4924","5069","5075"
"93","0","100","-99","-5","4924","5068","5076"
"94","0","100","-99","-6","4923","5066","5076"
"95","0","100","-99","-8","4922","5063","5077"
"96","0","100","-99","-10","4921","5060","5078"
"97","0","100","-99","-12","4921","5059","5079"
"98","0","100","-99","-13","4920","5057","5079"
"99","0","100","-98","-15","4920","5054","5079"
"100","0","100","-98","-17","4919","5051","5080"
"101","0","100","-98","-19","4918","5048","5081"
"102","0","100","-97","-20","4919","5047","5081"
"103","0","100","-97","-22","4918","5044","5082"
"104","0","100","-97","-24","4917","5041","5083"
"105","0","100","-96","-25","4917","5039","5082"
"106","0","100","-96","-27","4916","5036","5083"
"107","0","100","-95","-29","4916","5033","5083"
"108","0","100","-95","-30","4916","5032","5084"
"109","0","100","-94","-32","4916","5029","5084"
"110","0","100","-93","-34","4916","5026","5084"
"111","0","100","-93","-35","4915","5024","5084"
"112","0","100","-92","-37","4915","5020","5085"
"113","0","100","-92","-39","4914","5018","5085"
"114","0","100","-91","-40","4914","5015","5085"
"115","0","100","-90","-42","4914","5012","5085"
"116","0","100","-89","-43","4915","5011","5085"
"117","0","100","-89","-45","4914","5008","5086"
"118","0","100","-88","-46","4914","5006","5085"
"119","0","100","-87","-48","4914","5002","5086"
"120","0","100","-86","-49","4914","5000","5085"
"121","0","100","-85","-51","4915","4999","5086"
"122","0","100","-84","-52","4915","4996","5086"
"123","0","100","-83","-54","4915","4993","5086"
"124","0","100","-82","-55","4915","4991","5085"
"125","0","100","-81","-57","4915","4988","5085"
"126","0","100","-80","-58","4915","4985","5085"
"127","0","100","-79","-60","4915","4982","5085"
"128","0","100","-78","-61","4916","4981","5085"
"129","0","100","-77","-62","4916","4978","5085"
"130","0","100","-76","-64","4916","4975","5085"
"131","0","100","-75","-65","4916","4973","5084"
"132","0","100","-74","-66","4916","4970","5084"
"133","0","100","-73","-68","4916","4967","5084"
"134","0","100","-71","-69","4917","4964","5083"
"135","0","100","-70","-70","4918","4963","5083"
"136","0","100","-69","-71","4918","4961","5082"
"137","0","100","-68","-73","4918","4957","5083"
"138","0","100","-66","-74","4919","4954","5082"
"139","0","100","-65","-75","4919","4952","5081"
"140","0","100","-64","-76","4920","4951","5081"
"141","0","100","-62","-77","4921","4948","5080"
"142","0","100","-61","-78","4921","4945","5080"
"143","0","100","-60","-79","4921","4943","5079"
"144","0","100","-58","-80","4922","4940","5078"
"145","0","100","-57","-81","4923","4939","5078"
"146","0","100","-55","-82","4924","4936","5077"
"147","0","100","-54","-83","4924","4934","5076"
"148","0","100","-52","-84","4925","4931","5075"
"149","0","100","-51","-85","4925","4928","5075"
"150","0","100","-49","-86","4927","4927","5074"
"151","0","100","-48","-87","4928","4925","5075"
"152","0","100","-46","-88","4931","4924","5076"
"153","0","100","-45","-89","4933","4924","5077"
"154","0","100","-43","-89","4936","4924","5077"
"155","0","100","-42","-90","4937","4923","5077"
"156","0","100","-40","-91","4940","4922","5078"
"157","0","100","-39","-92","4942","4921","5080"
"158","0","100","-37","-92","4945","4921","5080"
"159","0","100","-35","-93","4948","4920","5081"
"160","0","100","-34","-93","4949","4920","5080"
"161","0","100","-32","-94","4952","4919","5081"
"162","0","100","-30","-95","4955","4918","5082"
"163","0","100","-29","-95","4957","4919","5082"
"164","0","100","-27","-96","4960","4918","5083"
"165","0","100","-25","-96","4963","4918","5083"
"166","0","100","-24","-97","4964","4916","5084"
"167","0","100","-22","-97","4967","4916","5084"
"168","0","100","-20","-97","4970","4916","5084"
"169","0","100","-19","-98","4972","4916","5085"
"170","0","100","-17","-98","4975","4916","5085"
"171","0","100","-15","-98","4978","4916","5085"
"172","0","100","-13","-99","4981","4915","5086"
"173","0","100","-12","-99","4982","4915","5085"
"174","0","100","-10","-99","4985","4915","5085"
"175","0","100","-8","-99","4988","4915","5085"
"176","0","100","-6","-99","4991","4915","5085"
"177","0","100","-5","-99","4993","4915","5086"
"178","0","100","-3","-99","4996","4915","5086"
"179","0","100","-1","-99","4999","4915","5086"
"180","0","100","0","-100","5000","4914","5086"
"181","0","100","1","-99","5001","4914","5085"
"182","0","100","3","-99","5004","4914","5085"
"183","0","100","5","-99","5007","4914","5085"
"184","0","100","6","-99","5009","4915","5085"
"185","0","100","8","-99","5012","4915","5085"
"186","0","100","10","-99","5015","4915","5085"
"187","0","100","12","-99","5018","4915","5085"
"188","0","100","13","-99","5019","4914","5085"
"189","0","100","15","-98","5022","4915","5084"
"190","0","100","17","-98","5025","4915","5084"
"191","0","100","19","-98","5028","4915","5084"
"192","0","100","20","-97","5030","4916","5084"
"193","0","100","22","-97","5033","4916","5084"
"194","0","100","24","-97","5036","4916","5084"
"195","0","100","25","-96","5037","4917","5082"
"196","0","100","27","-96","5040","4917","5082"
"197","0","100","29","-95","5043","4918","5081"
"198","0","100","30","-95","5045","4918","5082"
"199","0","100","32","-94","5048","4919","5081"
"200","0","100","34","-93","5051","4920","5080"
"201","0","100","35","-93","5052","4919","5080"
"202","0","100","37","-92","5055","4920","5079"
"203","0","100","39","-92","5058","4920","5079"
"204","0","100","40","-91","5060","4922","5078"
"205","0","100","42","-90","5063","4923","5077"
"206","0","100","43","-89","5064","4923","5076"
"207","0","100","45","-89","5067","4923","5076"
"208","0","100","46","-88","5069","4924","5076"
"209","0","100","48","-87","5072","4925","5075"
"210","0","100","50","-86","5074","4925","5073"
"211","0","100","51","-85","5075","4925","5072"
"212","0","100","52","-84","5075","4925","5069"
"213","0","100","54","-83","5076","4924","5066"
"214","0","100","55","-82","5076","4923","5064"
"215","0","100","57","-81","5077","4922","5061"
"216","0","100","58","-80","5078","4922","5060"
"217","0","100","60","-79","5079","4921","5057"
"218","0","100","61","-78","5079","4920","5055"
"219","0","100","62","-77","5079","4920","5052"
"220","0","100","64","-76","5080","4919","5049"
"221","0","100","65","-75","5081","4919","5048"
"222","0","100","66","-74","5081","4918","5046"
"223","0","100","68","-73","5082","4917","5043"
"224","0","100","69","-71","5082","4918","5039"
"225","0","100","70","-70","5082","4917","5037"
"226","0","100","71","-69","5083","4917","5036"
"227","0","100","73","-68","5084","4916","5033"
"228","0","100","74","-66","5084","4916","5030"
"229","0","100","75","-65","5084","4916","5027"
"230","0","100","76","-64","5084","4915","5025"
"231","0","100","77","-62","5084","4915","5022"
"232","0","100","78","-61","5084","4915","5019"
"233","0","100","79","-60","5085","4915","5018"
"234","0","100","80","-58","5085","4915","5015"
"235","0","100","81","-57","5085","4915","5012"
"236","0","100","82","-55","5085","4915","5009"
"237","0","100","83","-54","5085","4914","5007"
"238","0","100","84","-52","5085","4914","5004"
"239","0","100","85","-51","5085","4914","5001"
"240","0","100","86","-50","5086","4914","5000"
"241","0","100","87","-48","5086","4914","4998"
"242","0","100","88","-46","5086","4915","4994"
"243","0","100","89","-45","5086","4914","4992"
"244","0","100","89","-43","5085","4915","4989"
"245","0","100","90","-42","5086","4915","4988"
"246","0","100","91","-40","5086","4915","4985"
"247","0","100","92","-39","5086","4915","4982"
"248","0","100","92","-37","5085","4915","4980"
"249","0","100","93","-35","5085","4916","4976"
"250","0","100","93","-34","5084","4916","4974"
"251","0","100","94","-32","5084","4916","4971"
"252","0","100","95","-30","5084","4916","4968"
"253","0","100","95","-29","5084","4917","4967"
"254","0","100","96","-27","5084","4917","4964"
"255","0","100","96","-25","5083","4918","4961"
"256","0","100","97","-24","5083","4917","4959"
"257","0","100","97","-22","5082","4918","4956"
"258","0","100","97","-20","5081","4919","4953"
"259","0","100","98","-19","5082","4919","4952"
"260","0","100","98","-17","5081","4920","4949"
"261","0","100","98","-15","5080","4921","4946"
"262","0","100","99","-13","5080","4921","4943"
"263","0","100","99","-12","5079","4921","4941"
"264","0","100","99","-10","5079","4922","4940"
"265","0","100","99","-8","5078","4923","4937"
"266","0","100","99","-6","5077","4924","4934"
"267","0","100","99","-5","5076","4924","4932"
"268","0","100","99","-3","5076","4925","4931"
"269","0","100","99","-1","5075","4926","4928"
"270","0","100","100","0","5075","4925","4925"
"271","0","100","99","1","5075","4928","4926"
"272","0","100","99","3","5076","4931","4925"
"273","0","100","99","5","5076","4932","4924"
"274","0","100","99","6","5077","4934","4924"
"275","0","100","99","8","5078","4937","4923"
"276","0","100","99","10","5079","4940","4922"
"277","0","100","99","12","5079","4941","4921"
"278","0","100","99","13","5080","4943","4921"
"279","0","100","98","15","5080","4946","4921"
"280","0","100","98","17","5081","4949","4920"
"281","0","100","98","19","5082","4952","4919"
"282","0","100","97","20","5081","4953","4919"
"283","0","100","97","22","5082","4956","4918"
"284","0","100","97","24","5083","4959","4917"
"285","0","100","96","25","5083","4961","4918"
"286","0","100","96","27","5084","4964","4917"
"287","0","100","95","29","5084","4967","4917"
"288","0","100","95","30","5084","4968","4916"
"289","0","100","94","32","5084","4971","4916"
"290","0","100","93","34","5084","4974","4916"
"291","0","100","93","35","5085","4976","4916"
"292","0","100","92","37","5085","4980","4915"
"293","0","100","92","39","5086","4982","4915"
"294","0","100","91","40","5086","4985","4915"
"295","0","100","90","42","5086","4988","4915"
"296","0","100","89","43","5085","4989","4915"
"297","0","100","89","45","5086","4992","4914"
"298","0","100","88","46","5086","4994","4915"
"299","0","100","87","48","5086","4998","4914"
"300","0","100","86","50","5086","5000","4914"
"301","0","100","85","51","5085","5001","4914"
"302","0","100","84","52","5085","5004","4914"
"303","0","100","83","54","5085","5007","4914"
"304","0","100","82","55","5085","5009","4915"
"305","0","100","81","57","5085","5012","4915"
"306","0","100","80","58","5085","5015","4915"
"307","0","100","79","60","5085","5018","4915"
"308","0","100","78","61","5084","5019","4915"
"309","0","100","77","62","5084","5022","4915"
"310","0","100","76","64","5084","5025","4915"
"311","0","100","75","65","5084","5027","4916"
"312","0","100","74","66","5084","5030","4916"
"313","0","100","73","68","5084","5033","4916"
"314","0","100","71","69","5083","5036","4917"
"315","0","100","70","70","5082","5037","4917"
"316","0","100","69","71","5082","5039","4918"
"317","0","100","68","73","5082","5043","4917"
"318","0","100","66","74","5081","5046","4918"
"319","0","100","65","75","5081","5048","4919"
"320","0","100","64","76","5080","5049","4919"
"321","0","100","62","77","5079","5052","4920"
"322","0","100","61","78","5079","5055","4920"
"323","0","100","60","79","5079","5057","4921"
"324","0","100","58","80","5078","5060","4922"
"325","0","100","57","81","5077","5061","4922"
"326","0","100","55","82","5076","5064","4923"
"327","0","100","54","83","5076","5066","4924"
"328","0","100","52","84","5075","5069","4925"
"329","0","100","51","85","5075","5072","4925"
"330","0","100","50","86","5074","5073","4925"
"331","0","100","48","87","5072","5075","4925"
"332","0","100","46","88","5069","5076","4924"
"333","0","100","45","89","5067","5076","4923"
"334","0","100","43","89","5064","5076","4923"
"335","0","100","42","90","5063","5077","4923"
"336","0","100","40","91","5060","5078","4922"
"337","0","100","39","92","5058","5079","4920"
"338","0","100","37","92","5055","5079","4920"
"339","0","100","35","93","5052","5080","4919"
"340","0","100","34","93","5051","5080","4920"
"341","0","100","32","94","5048","5081","4919"
"342","0","100","30","95","5045","5082","4918"
"343","0","100","29","95","5043","5081","4918"
"344","0","100","27","96","5040","5082","4917"
"345","0","100","25","96","5037","5082","4917"
"346","0","100","24","97","5036","5084","4916"
"347","0","100","22","97","5033","5084","4916"
"348","0","100","20","97","5030","5084","4916"
"349","0","100","19","98","5028","5084","4915"
"350","0","100","17","98","5025","5084","4915"
"351","0","100","15","98","5022","5084","4915"
"352","0","100","13","99","5019","5085","4914"
"353","0","100","12","99","5018","5085","4915"
"354","0","100","10","99","5015","5085","4915"
"355","0","100","8","99","5012","5085","4915"
"356","0","100","6","99","5009","5085","4915"
"357","0","100","5","99","5007","5085","4914"
"358","0","100","3","99","5004","5085","4914"
"359","0","100","1","99","5001","5085","4914"
"360","0","100","0","100","5000","5086","4914"
