"park_angle_deg","uvw_angle_deg","phase_angle_offset_deg","iu_ca","iv_ca","iw_ca","phase_sum_ca","ialpha_ca","ibeta_ca","id_ca","iq_ca"
"0","45","45","71","26","-97","0","71","71","71","71"
"1","46","45","69","28","-97","0","69","72","70","70"
"2","47","45","68","29","-97","0","68","72","70","69"
"3","48","45","67","31","-98","0","67","74","70","70"
"4","49","45","66","33","-99","0","66","76","71","71"
"5","50","45","64","34","-98","0","64","76","70","70"
"6","51","45","63","36","-99","0","63","77","70","69"
"7","52","45","62","37","-99","0","62","78","71","69"
"8","53","45","60","39","-99","0","60","79","70","69"
"9","54","45","59","41","-100","0","59","81","70","70"
"10","55","45","57","42","-99","0","57","81","70","69"
"11","56","45","56","44","-100","0","56","83","70","70"
"12","57","45","54","45","-99","0","54","83","70","69"
"13","58","45","53","47","-100","0","53","84","70","69"
"14","59","45","52","48","-100","0","52","85","71","69"
"15","60","45","50","50","-100","0","50","86","70","70"
"16","61","45","48","52","-100","0","48","87","70","70"
"17","62","45","47","53","-100","0","47","88","70","70"
"18","63","45","45","54","-99","0","45","88","69","69"
"19","64","45","44","56","-100","0","44","90","70","70"
"20","65","45","42","57","-99","0","42","90","70","70"
"21","66","45","41","59","-100","0","41","91","70","70"
"22","67","45","39","60","-99","0","39","91","70","69"
"23","68","45","37","62","-99","0","37","92","70","70"
"24","69","45","36","63","-99","0","36","93","70","70"
"25","70","45","34","64","-98","0","34","93","70","69"
"26","71","45","33","66","-99","0","33","95","71","70"
"27","72","45","31","67","-98","0","31","95","70","70"
"28","73","45","29","68","-97","0","29","95","70","70"
"29","74","45","28","69","-97","0","28","95","70","69"
"30","75","45","26","71","-97","0","26","96","70","70"
"31","76","45","24","72","-96","0","24","96","70","69"
"32","77","45","22","73","-95","0","22","96","69","69"
"33","78","45","21","74","-95","0","21","97","70","69"
"34","79","45","19","75","-94","0","19","97","69","69"
"35","80","45","17","77","-94","0","17","98","70","70"
"36","81","45","16","78","-94","0","16","99","71","70"
"37","82","45","14","79","-93","0","14","99","70","70"
"38","83","45","12","80","-92","0","12","99","70","70"
"39","84","45","10","81","-91","0","10","99","70","70"
"40","85","45","9","82","-91","0","9","99","70","70"
"41","86","45","7","83","-90","0","7","99","70","70"
"42","87","45","5","84","-89","0","5","99","69","70"
"43","88","45","3","85","-88","0","3","99","69","70"
"44","89","45","2","86","-88","0","2","100","70","70"
"45","90","45","0","87","-87","0","0","100","70","70"
"46","91","45","-2","87","-85","0","-2","99","69","70"
"47","92","45","-3","88","-85","0","-3","99","70","69"
"48","93","45","-5","89","-84","0","-5","99","70","69"
"49","94","45","-7","90","-83","0","-7","99","70","70"
"50","95","45","-9","91","-82","0","-9","99","70","70"
"51","96","45","-10","91","-81","0","-10","99","70","70"
"52","97","45","-12","92","-80","0","-12","99","70","70"
"53","98","45","-14","93","-79","0","-14","99","70","70"
"54","99","45","-16","93","-77","0","-16","98","69","70"
"55","100","45","-17","94","-77","0","-17","98","70","70"
"56","101","45","-19","95","-76","0","-19","98","70","70"
"57","102","45","-21","95","-74","0","-21","97","69","70"
"58","103","45","-22","96","-74","0","-22","98","71","70"
"59","104","45","-24","96","-72","0","-24","96","69","70"
"60","105","45","-26","97","-71","0","-26","96","70","70"
"61","106","45","-28","97","-69","0","-28","95","69","70"
"62","107","45","-29","97","-68","0","-29","95","70","70"
"63","108","45","-31","98","-67","0","-31","95","70","70"
"64","109","45","-33","98","-65","0","-33","94","70","70"
"65","110","45","-34","98","-64","0","-34","93","69","70"
"66","111","45","-36","99","-63","0","-36","93","70","70"
"67","112","45","-37","99","-62","0","-37","92","70","70"
"68","113","45","-39","99","-60","0","-39","91","69","70"
"69","114","45","-41","99","-58","0","-41","90","69","70"
"70","115","45","-42","100","-58","0","-42","91","71","70"
"71","116","45","-44","100","-56","0","-44","90","70","70"
"72","117","45","-45","100","-55","0","-45","89","70","70"
"73","118","45","-47","100","-53","0","-47","88","70","70"
"74","119","45","-48","100","-52","0","-48","87","70","70"
"75","120","45","-50","100","-50","0","-50","86","70","70"
"76","121","45","-52","100","-48","0","-52","85","69","71"
"77","122","45","-53","100","-47","0","-53","84","69","70"
"78","123","45","-54","100","-46","0","-54","84","70","70"
"79","124","45","-56","100","-44","0","-56","83","70","70"
"80","125","45","-57","100","-43","0","-57","82","70","70"
"81","126","45","-59","99","-40","0","-59","80","69","70"
"82","127","45","-60","99","-39","0","-60","79","69","70"
"83","128","45","-62","99","-37","0","-62","78","69","71"
"84","129","45","-63","99","-36","0","-63","77","69","70"
"85","130","45","-64","98","-34","0","-64","76","70","70"
"86","131","45","-66","98","-32","0","-66","75","70","71"
"87","132","45","-67","98","-31","0","-67","74","70","70"
"88","133","45","-68","97","-29","0","-68","72","69","70"
"89","134","45","-69","97","-28","0","-69","72","70","70"
"90","135","45","-71","97","-26","0","-71","71","71","71"
"91","136","45","-72","96","-24","0","-72","69","70","70"
"92","137","45","-73","96","-23","0","-73","68","70","70"
"93","138","45","-74","95","-21","0","-74","66","69","70"
"94","139","45","-75","95","-20","0","-75","66","71","70"
"95","140","45","-77","94","-17","0","-77","64","70","71"
"96","141","45","-78","93","-15","0","-78","62","69","71"
"97","142","45","-79","93","-14","0","-79","61","70","70"
"98","143","45","-80","92","-12","0","-80","60","70","70"
"99","144","45","-81","91","-10","0","-81","58","69","70"
"100","145","45","-82","91","-9","0","-82","57","70","70"
"101","146","45","-83","90","-7","0","-83","56","70","70"
"102","147","45","-84","89","-5","0","-84","54","70","70"
"103","148","45","-85","88","-3","0","-85","52","69","71"
"104","149","45","-86","87","-1","0","-86","50","69","71"
"105","150","45","-87","87","0","0","-87","50","70","71"
"106","151","45","-87","86","1","0","-87","49","71","70"
"107","152","45","-88","85","3","0","-88","47","70","70"
"108","153","45","-89","84","5","0","-89","45","70","70"
"109","154","45","-90","83","7","0","-90","43","69","71"
"110","155","45","-91","82","9","0","-91","42","70","71"
"111","156","45","-91","81","10","0","-91","40","69","70"
"112","157","45","-92","80","12","0","-92","39","70","70"
"113","158","45","-93","79","14","0","-93","37","70","71"
"114","159","45","-93","78","15","0","-93","36","70","70"
"115","160","45","-94","77","17","0","-94","34","70","70"
"116","161","45","-95","75","20","0","-95","31","69","71"
"117","162","45","-95","74","21","0","-95","30","69","71"
"118","163","45","-96","73","23","0","-96","28","69","71"
"119","164","45","-96","72","24","0","-96","27","70","70"
"120","165","45","-97","71","26","0","-97","25","70","71"
"121","166","45","-97","69","28","0","-97","23","69","71"
"122","167","45","-97","68","29","0","-97","22","70","70"
"123","168","45","-98","67","31","0","-98","20","70","71"
"124","169","45","-98","66","32","0","-98","19","70","70"
"125","170","45","-98","64","34","0","-98","17","70","70"
"126","171","45","-99","63","36","0","-99","15","70","71"
"127","172","45","-99","62","37","0","-99","14","70","70"
"128","173","45","-99","60","39","0","-99","12","70","70"
"129","174","45","-99","59","40","0","-99","10","70","70"
"130","175","45","-100","57","43","0","-100","8","70","71"
"131","176","45","-100","56","44","0","-100","6","70","71"
"132","177","45","-100","54","46","0","-100","4","69","71"
"133","178","45","-100","53","47","0","-100","3","70","71"
"134","179","45","-100","52","48","0","-100","2","70","70"
"135","180","45","-100","50","50","0","-100","0","70","70"
"136","181","45","-100","48","52","0","-100","-2","70","70"
"137","182","45","-100","47","53","0","-100","-3","71","70"
"138","183","45","-100","45","55","0","-100","-5","70","70"
"139","184","45","-100","44","56","0","-100","-6","71","70"
"140","185","45","-100","42","58","0","-100","-9","70","71"
"141","186","45","-99","41","58","0","-99","-9","71","69"
"142","187","45","-99","39","60","0","-99","-12","70","70"
"143","188","45","-99","37","62","0","-99","-14","70","70"
"144","189","45","-99","36","63","0","-99","-15","71","70"
"145","190","45","-98","34","64","0","-98","-17","70","70"
"146","191","45","-98","33","65","0","-98","-18","71","69"
"147","192","45","-98","31","67","0","-98","-20","71","70"
"148","193","45","-97","29","68","0","-97","-22","70","70"
"149","194","45","-97","28","69","0","-97","-23","71","69"
"150","195","45","-97","26","71","0","-97","-25","71","70"
"151","196","45","-96","24","72","0","-96","-27","70","70"
"152","197","45","-96","22","74","0","-96","-30","70","71"
"153","198","45","-95","21","74","0","-95","-30","71","69"
"154","199","45","-95","19","76","0","-95","-32","71","70"
"155","200","45","-94","17","77","0","-94","-34","70","70"
"156","201","45","-93","16","77","0","-93","-35","70","69"
"157","202","45","-93","14","79","0","-93","-37","71","70"
"158","203","45","-92","12","80","0","-92","-39","70","70"
"159","204","45","-91","10","81","0","-91","-40","70","69"
"160","205","45","-91","9","82","0","-91","-42","71","70"
"161","206","45","-90","7","83","0","-90","-43","71","69"
"162","207","45","-89","5","84","0","-89","-45","70","70"
"163","208","45","-88","3","85","0","-88","-47","70","70"
"164","209","45","-87","2","85","0","-87","-47","70","69"
"165","210","45","-87","0","87","0","-87","-50","71","70"
"166","211","45","-86","-2","88","0","-86","-51","71","70"
"167","212","45","-85","-3","88","0","-85","-52","71","69"
"168","213","45","-84","-5","89","0","-84","-54","70","70"
"169","214","45","-83","-7","90","0","-83","-56","70","70"
"170","215","45","-82","-9","91","0","-82","-57","70","70"
"171","216","45","-81","-10","91","0","-81","-58","70","69"
"172","217","45","-80","-12","92","0","-80","-60","70","70"
"173","218","45","-79","-14","93","0","-79","-61","70","70"
"174","219","45","-78","-16","94","0","-78","-63","70","70"
"175","220","45","-77","-17","94","0","-77","-64","71","70"
"176","221","45","-75","-19","94","0","-75","-65","70","70"
"177","222","45","-74","-21","95","0","-74","-66","70","69"
"178","223","45","-73","-22","95","0","-73","-67","70","69"
"179","224","45","-72","-24","96","0","-72","-69","70","70"
"180","225","45","-71","-26","97","0","-71","-71","70","71"
"181","226","45","-69","-28","97","0","-69","-72","70","70"
"182","227","45","-68","-29","97","0","-68","-72","70","69"
"183","228","45","-67","-31","98","0","-67","-74","70","70"
"184","229","45","-66","-33","99","0","-66","-76","71","71"
"185","230","45","-64","-34","98","0","-64","-76","70","70"
"186","231","45","-63","-36","99","0","-63","-77","70","69"
"187","232","45","-62","-37","99","0","-62","-78","71","69"
"188","233","45","-60","-39","99","0","-60","-79","70","69"
"189","234","45","-59","-41","100","0","-59","-81","70","70"
"190","235","45","-57","-42","99","0","-57","-81","70","69"
"191","236","45","-56","-44","100","0","-56","-83","70","70"
"192","237","45","-54","-45","99","0","-54","-83","70","69"
"193","238","45","-53","-47","100","0","-53","-84","70","69"
"194","239","45","-52","-48","100","0","-52","-85","71","69"
"195","240","45","-50","-50","100","0","-50","-86","70","70"
"196","241","45","-48","-52","100","0","-48","-87","70","70"
"197","242","45","-47","-53","100","0","-47","-88","70","70"
"198","243","45","-45","-54","99","0","-45","-88","69","69"
"199","244","45","-44","-56","100","0","-44","-90","70","70"
"200","245","45","-42","-57","99","0","-42","-90","70","70"
"201","246","45","-41","-59","100","0","-41","-91","70","70"
"202","247","45","-39","-60","99","0","-39","-91","70","69"
"203","248","45","-37","-62","99","0","-37","-92","70","70"
"204","249","45","-36","-63","99","0","-36","-93","70","70"
"205","250","45","-34","-64","98","0","-34","-93","70","69"
"206","251","45","-33","-66","99","0","-33","-95","71","70"
"207","252","45","-31","-67","98","0","-31","-95","70","70"
"208","253","45","-29","-68","97","0","-29","-95","70","70"
"209","254","45","-28","-69","97","0","-28","-95","70","69"
"210","255","45","-26","-71","97","0","-26","-96","70","70"
"211","256","45","-24","-72","96","0","-24","-96","70","69"
"212","257","45","-22","-73","95","0","-22","-96","69","69"
"213","258","45","-21","-74","95","0","-21","-97","70","69"
"214","259","45","-19","-75","94","0","-19","-97","69","69"
"215","260","45","-17","-77","94","0","-17","-98","70","70"
"216","261","45","-16","-78","94","0","-16","-99","71","70"
"217","262","45","-14","-79","93","0","-14","-99","70","70"
"218","263","45","-12","-80","92","0","-12","-99","70","70"
"219","264","45","-10","-81","91","0","-10","-99","70","70"
"220","265","45","-9","-82","91","0","-9","-99","70","70"
"221","266","45","-7","-83","90","0","-7","-99","70","70"
"222","267","45","-5","-84","89","0","-5","-99","69","70"
"223","268","45","-3","-85","88","0","-3","-99","69","70"
"224","269","45","-2","-86","88","0","-2","-100","70","70"
"225","270","45","0","-87","87","0","0","-100","70","70"
"226","271","45","2","-87","85","0","2","-99","69","70"
"227","272","45","3","-88","85","0","3","-99","70","69"
"228","273","45","5","-89","84","0","5","-99","70","69"
"229","274","45","7","-90","83","0","7","-99","70","70"
"230","275","45","9","-91","82","0","9","-99","70","70"
"231","276","45","10","-91","81","0","10","-99","70","70"
"232","277","45","12","-92","80","0","12","-99","70","70"
"233","278","45","14","-93","79","0","14","-99","70","70"
"234","279","45","16","-93","77","0","16","-98","69","70"
"235","280","45","17","-94","77","0","17","-98","70","70"
"236","281","45","19","-95","76","0","19","-98","70","70"
"237","282","45","21","-95","74","0","21","-97","69","70"
"238","283","45","22","-96","74","0","22","-98","71","70"
"239","284","45","24","-96","72","0","24","-96","69","70"
"240","285","45","26","-97","71","0","26","-96","70","70"
"241","286","45","28","-97","69","0","28","-95","69","70"
"242","287","45","29","-97","68","0","29","-95","70","70"
"243","288","45","31","-98","67","0","31","-95","70","70"
"244","289","45","33","-98","65","0","33","-94","70","70"
"245","290","45","34","-98","64","0","34","-93","69","70"
"246","291","45","36","-99","63","0","36","-93","70","70"
"247","292","45","37","-99","62","0","37","-92","70","70"
"248","293","45","39","-99","60","0","39","-91","69","70"
"249","294","45","41","-99","58","0","41","-90","69","70"
"250","295","45","42","-100","58","0","42","-91","71","70"
"251","296","45","44","-100","56","0","44","-90","70","70"
"252","297","45","45","-100","55","0","45","-89","70","70"
"253","298","45","47","-100","53","0","47","-88","70","70"
"254","299","45","48","-100","52","0","48","-87","70","70"
"255","300","45","50","-100","50","0","50","-86","70","70"
"256","301","45","52","-100","48","0","52","-85","69","71"
"257","302","45","53","-100","47","0","53","-84","69","70"
"258","303","45","54","-100","46","0","54","-84","70","70"
"259","304","45","56","-100","44","0","56","-83","70","70"
"260","305","45","57","-100","43","0","57","-82","70","70"
"261","306","45","59","-99","40","0","59","-80","69","70"
"262","307","45","60","-99","39","0","60","-79","69","70"
"263","308","45","62","-99","37","0","62","-78","69","71"
"264","309","45","63","-99","36","0","63","-77","69","70"
"265","310","45","64","-98","34","0","64","-76","70","70"
"266","311","45","66","-98","32","0","66","-75","70","71"
"267","312","45","67","-98","31","0","67","-74","70","70"
"268","313","45","68","-97","29","0","68","-72","69","70"
"269","314","45","69","-97","28","0","69","-72","70","70"
"270","315","45","71","-97","26","0","71","-71","70","71"
"271","316","45","72","-96","24","0","72","-69","70","70"
"272","317","45","73","-96","23","0","73","-68","70","70"
"273","318","45","74","-95","21","0","74","-66","69","70"
"274","319","45","75","-95","20","0","75","-66","71","70"
"275","320","45","77","-94","17","0","77","-64","70","71"
"276","321","45","78","-93","15","0","78","-62","69","71"
"277","322","45","79","-93","14","0","79","-61","70","70"
"278","323","45","80","-92","12","0","80","-60","70","70"
"279","324","45","81","-91","10","0","81","-58","69","70"
"280","325","45","82","-91","9","0","82","-57","70","70"
"281","326","45","83","-90","7","0","83","-56","70","70"
"282","327","45","84","-89","5","0","84","-54","70","70"
"283","328","45","85","-88","3","0","85","-52","69","71"
"284","329","45","86","-87","1","0","86","-50","69","71"
"285","330","45","87","-87","0","0","87","-50","70","71"
"286","331","45","87","-86","-1","0","87","-49","71","70"
"287","332","45","88","-85","-3","0","88","-47","70","70"
"288","333","45","89","-84","-5","0","89","-45","70","70"
"289","334","45","90","-83","-7","0","90","-43","69","71"
"290","335","45","91","-82","-9","0","91","-42","70","71"
"291","336","45","91","-81","-10","0","91","-40","69","70"
"292","337","45","92","-80","-12","0","92","-39","70","70"
"293","338","45","93","-79","-14","0","93","-37","70","71"
"294","339","45","93","-78","-15","0","93","-36","70","70"
"295","340","45","94","-77","-17","0","94","-34","70","70"
"296","341","45","95","-75","-20","0","95","-31","69","71"
"297","342","45","95","-74","-21","0","95","-30","69","71"
"298","343","45","96","-73","-23","0","96","-28","69","71"
"299","344","45","96","-72","-24","0","96","-27","70","70"
"300","345","45","97","-71","-26","0","97","-25","70","71"
"301","346","45","97","-69","-28","0","97","-23","69","71"
"302","347","45","97","-68","-29","0","97","-22","70","70"
"303","348","45","98","-67","-31","0","98","-20","70","71"
"304","349","45","98","-66","-32","0","98","-19","70","70"
"305","350","45","98","-64","-34","0","98","-17","70","70"
"306","351","45","99","-63","-36","0","99","-15","70","71"
"307","352","45","99","-62","-37","0","99","-14","70","70"
"308","353","45","99","-60","-39","0","99","-12","70","70"
"309","354","45","99","-59","-40","0","99","-10","70","70"
"310","355","45","100","-57","-43","0","100","-8","70","71"
"311","356","45","100","-56","-44","0","100","-6","70","71"
"312","357","45","100","-54","-46","0","100","-4","69","71"
"313","358","45","100","-53","-47","0","100","-3","70","71"
"314","359","45","100","-52","-48","0","100","-2","70","70"
"315","0","45","100","-50","-50","0","100","0","70","70"
"316","1","45","100","-48","-52","0","100","2","70","70"
"317","2","45","100","-47","-53","0","100","3","71","70"
"318","3","45","100","-45","-55","0","100","5","70","70"
"319","4","45","100","-44","-56","0","100","6","71","70"
"320","5","45","100","-42","-58","0","100","9","70","71"
"321","6","45","99","-41","-58","0","99","9","71","69"
"322","7","45","99","-39","-60","0","99","12","70","70"
"323","8","45","99","-37","-62","0","99","14","70","70"
"324","9","45","99","-36","-63","0","99","15","71","70"
"325","10","45","98","-34","-64","0","98","17","70","70"
"326","11","45","98","-33","-65","0","98","18","71","69"
"327","12","45","98","-31","-67","0","98","20","71","70"
"328","13","45","97","-29","-68","0","97","22","70","70"
"329","14","45","97","-28","-69","0","97","23","71","69"
"330","15","45","97","-26","-71","0","97","25","71","70"
"331","16","45","96","-24","-72","0","96","27","70","70"
"332","17","45","96","-22","-74","0","96","30","70","71"
"333","18","45","95","-21","-74","0","95","30","71","69"
"334","19","45","95","-19","-76","0","95","32","71","70"
"335","20","45","94","-17","-77","0","94","34","70","70"
"336","21","45","93","-16","-77","0","93","35","70","69"
"337","22","45","93","-14","-79","0","93","37","71","70"
"338","23","45","92","-12","-80","0","92","39","70","70"
"339","24","45","91","-10","-81","0","91","40","70","69"
"340","25","45","91","-9","-82","0","91","42","71","70"
"341","26","45","90","-7","-83","0","90","43","71","69"
"342","27","45","89","-5","-84","0","89","45","70","70"
"343","28","45","88","-3","-85","0","88","47","70","70"
"344","29","45","87","-2","-85","0","87","47","70","69"
"345","30","45","87","0","-87","0","87","50","71","70"
"346","31","45","86","2","-88","0","86","51","71","70"
"347","32","45","85","3","-88","0","85","52","71","69"
"348","33","45","84","5","-89","0","84","54","70","70"
"349","34","45","83","7","-90","0","83","56","70","70"
"350","35","45","82","9","-91","0","82","57","70","70"
"351","36","45","81","10","-91","0","81","58","70","69"
"352","37","45","80","12","-92","0","80","60","70","70"
"353","38","45","79","14","-93","0","79","61","70","70"
"354","39","45","78","16","-94","0","78","63","70","70"
"355","40","45","77","17","-94","0","77","64","71","70"
"356","41","45","75","19","-94","0","75","65","70","70"
"357","42","45","74","21","-95","0","74","66","70","69"
"358","43","45","73","22","-95","0","73","67","70","69"
"359","44","45","72","24","-96","0","72","69","70","70"
"360","45","45","71","26","-97","0","71","71","70","71"
