"angle_deg","uvw_angle_deg","phase_angle_offset_deg","id_cmd_ca","iq_cmd_ca","iu_ca","iv_ca","iw_ca","ialpha_ca","ibeta_ca","id_raw_ca","iq_raw_ca","id_filtered_ca","iq_filtered_ca","is_filtered_ca"
"0","45","45","0","100","-70","96","-26","-70","70","-70","70","-3","3","4"
"1","46","45","0","100","-71","95","-24","-71","68","-69","69","-6","6","8"
"2","47","45","0","100","-73","95","-22","-73","67","-70","69","-9","9","12"
"3","48","45","0","100","-74","94","-20","-74","65","-70","68","-12","11","16"
"4","49","45","0","100","-75","94","-19","-75","65","-70","70","-14","13","19"
"5","50","45","0","100","-76","93","-17","-76","63","-70","69","-16","15","21"
"6","51","45","0","100","-77","93","-16","-77","62","-70","69","-18","17","24"
"7","52","45","0","100","-78","92","-14","-78","61","-69","70","-20","19","27"
"8","53","45","0","100","-79","91","-12","-79","59","-70","69","-22","21","30"
"9","54","45","0","100","-80","90","-10","-80","57","-70","68","-24","23","33"
"10","55","45","0","100","-81","90","-9","-81","57","-69","70","-26","25","36"
"11","56","45","0","100","-82","89","-7","-82","55","-69","69","-28","27","38"
"12","57","45","0","100","-83","88","-5","-83","53","-70","69","-30","29","41"
"13","58","45","0","100","-84","87","-3","-84","51","-70","68","-32","30","43"
"14","59","45","0","100","-85","87","-2","-85","51","-70","70","-33","32","45"
"15","60","45","0","100","-86","86","0","-86","49","-70","69","-34","33","47"
"16","61","45","0","100","-87","85","2","-87","47","-70","69","-35","34","48"
"17","62","45","0","100","-88","84","4","-88","46","-70","69","-36","35","50"
"18","63","45","0","100","-89","83","6","-89","44","-71","69","-37","36","51"
"19","64","45","0","100","-89","82","7","-89","43","-70","69","-38","37","53"
"20","65","45","0","100","-90","81","9","-90","41","-70","69","-39","38","54"
"21","66","45","0","100","-91","80","11","-91","39","-70","69","-40","39","55"
"22","67","45","0","100","-92","79","13","-92","38","-71","69","-41","40","57"
"23","68","45","0","100","-92","78","14","-92","36","-70","69","-42","41","58"
"24","69","45","0","100","-93","77","16","-93","35","-70","69","-43","42","60"
"25","70","45","0","100","-93","76","17","-93","34","-69","70","-44","43","61"
"26","71","45","0","100","-94","75","19","-94","32","-70","69","-45","44","62"
"27","72","45","0","100","-95","74","21","-95","30","-71","69","-46","45","64"
"28","73","45","0","100","-95","72","23","-95","28","-70","69","-47","46","65"
"29","74","45","0","100","-96","71","25","-96","26","-71","69","-48","47","67"
"30","75","45","0","100","-96","70","26","-96","25","-70","69","-49","48","68"
"31","76","45","0","100","-97","69","28","-97","23","-71","69","-50","49","70"
"32","77","45","0","100","-97","67","30","-97","21","-71","69","-51","50","71"
"33","78","45","0","100","-97","66","31","-97","20","-70","69","-51","50","71"
"34","79","45","0","100","-98","65","33","-98","18","-71","69","-51","50","71"
"35","80","45","0","100","-98","64","34","-98","17","-70","70","-51","51","72"
"36","81","45","0","100","-98","62","36","-98","15","-70","69","-51","51","72"
"37","82","45","0","100","-99","61","38","-99","13","-71","69","-51","51","72"
"38","83","45","0","100","-99","60","39","-99","12","-70","70","-51","51","72"
"39","84","45","0","100","-99","58","41","-99","9","-71","69","-51","51","72"
"40","85","45","0","100","-99","57","42","-99","8","-70","69","-51","51","72"
"41","86","45","0","100","-99","55","44","-99","6","-70","69","-51","51","72"
"42","87","45","0","100","-99","54","45","-99","5","-70","69","-51","51","72"
"43","88","45","0","100","-99","52","47","-99","2","-71","68","-51","51","72"
"44","89","45","0","100","-99","51","48","-99","1","-70","69","-51","51","72"
"45","90","45","0","100","-100","50","50","-100","0","-70","70","-51","51","72"
"46","91","45","0","100","-99","47","52","-99","-2","-70","69","-51","51","72"
"47","92","45","0","100","-99","46","53","-99","-4","-70","69","-51","51","72"
"48","93","45","0","100","-99","44","55","-99","-6","-70","69","-51","51","72"
"49","94","45","0","100","-99","43","56","-99","-7","-70","70","-51","51","72"
"50","95","45","0","100","-99","41","58","-99","-9","-70","70","-51","51","72"
"51","96","45","0","100","-99","40","59","-99","-10","-70","70","-51","51","72"
"52","97","45","0","100","-99","38","61","-99","-13","-71","70","-51","51","72"
"53","98","45","0","100","-99","37","62","-99","-14","-70","70","-51","51","72"
"54","99","45","0","100","-98","35","63","-98","-16","-70","69","-51","51","72"
"55","100","45","0","100","-98","33","65","-98","-18","-70","69","-51","51","72"
"56","101","45","0","100","-98","32","66","-98","-19","-70","70","-51","51","72"
"57","102","45","0","100","-97","30","67","-97","-21","-70","69","-51","51","72"
"58","103","45","0","100","-97","29","68","-97","-22","-70","70","-51","51","72"
"59","104","45","0","100","-97","27","70","-97","-24","-70","70","-51","51","72"
"60","105","45","0","100","-96","25","71","-96","-26","-70","70","-51","51","72"
"61","106","45","0","100","-96","24","72","-96","-27","-70","70","-51","51","72"
"62","107","45","0","100","-95","22","73","-95","-29","-70","70","-51","51","72"
"63","108","45","0","100","-95","20","75","-95","-31","-70","70","-51","51","72"
"64","109","45","0","100","-94","18","76","-94","-33","-70","70","-51","51","72"
"65","110","45","0","100","-93","16","77","-93","-35","-71","69","-51","51","72"
"66","111","45","0","100","-93","15","78","-93","-36","-70","70","-51","51","72"
"67","112","45","0","100","-92","13","79","-92","-38","-70","69","-51","51","72"
"68","113","45","0","100","-92","12","80","-92","-39","-70","70","-51","51","72"
"69","114","45","0","100","-91","10","81","-91","-40","-69","70","-51","51","72"
"70","115","45","0","100","-90","8","82","-90","-42","-70","70","-51","51","72"
"71","116","45","0","100","-89","6","83","-89","-44","-70","69","-51","51","72"
"72","117","45","0","100","-89","5","84","-89","-45","-70","70","-51","51","72"
"73","118","45","0","100","-88","3","85","-88","-47","-70","70","-51","51","72"
"74","119","45","0","100","-87","1","86","-87","-49","-71","70","-51","51","72"
"75","120","45","0","100","-86","0","86","-86","-49","-69","70","-51","51","72"
"76","121","45","0","100","-85","-2","87","-85","-51","-70","70","-51","51","72"
"77","122","45","0","100","-84","-3","87","-84","-51","-68","70","-51","51","72"
"78","123","45","0","100","-83","-5","88","-83","-53","-69","70","-51","51","72"
"79","124","45","0","100","-82","-7","89","-82","-55","-69","69","-51","51","72"
"80","125","45","0","100","-81","-9","90","-81","-57","-70","69","-51","51","72"
"81","126","45","0","100","-80","-10","90","-80","-57","-68","70","-51","51","72"
"82","127","45","0","100","-79","-12","91","-79","-59","-69","70","-51","51","72"
"83","128","45","0","100","-78","-14","92","-78","-61","-70","69","-51","51","72"
"84","129","45","0","100","-77","-16","93","-77","-62","-69","70","-51","51","72"
"85","130","45","0","100","-76","-17","93","-76","-63","-69","70","-51","51","72"
"86","131","45","0","100","-75","-19","94","-75","-65","-70","70","-51","51","72"
"87","132","45","0","100","-74","-20","94","-74","-65","-68","70","-51","51","72"
"88","133","45","0","100","-73","-22","95","-73","-67","-69","70","-51","51","72"
"89","134","45","0","100","-71","-24","95","-71","-68","-69","69","-51","51","72"
"90","135","45","0","100","-70","-26","96","-70","-70","-70","70","-51","51","72"
"91","136","45","0","100","-69","-27","96","-69","-71","-69","70","-51","51","72"
"92","137","45","0","100","-68","-29","97","-68","-72","-69","70","-51","51","72"
"93","138","45","0","100","-66","-31","97","-66","-73","-69","69","-51","51","72"
"94","139","45","0","100","-65","-32","97","-65","-74","-69","70","-51","51","72"
"95","140","45","0","100","-64","-34","98","-64","-76","-70","70","-51","51","72"
"96","141","45","0","100","-62","-36","98","-62","-77","-70","69","-51","51","72"
"97","142","45","0","100","-61","-37","98","-61","-77","-68","69","-51","51","72"
"98","143","45","0","100","-60","-39","99","-60","-79","-69","70","-51","51","72"
"99","144","45","0","100","-58","-41","99","-58","-80","-69","69","-51","51","72"
"100","145","45","0","100","-57","-42","99","-57","-81","-69","70","-51","51","72"
"101","146","45","0","100","-55","-44","99","-55","-82","-69","69","-51","51","72"
"102","147","45","0","100","-54","-45","99","-54","-83","-69","70","-51","51","72"
"103","148","45","0","100","-52","-47","99","-52","-84","-70","69","-51","51","72"
"104","149","45","0","100","-51","-48","99","-51","-84","-69","69","-51","51","72"
"105","150","45","0","100","-49","-50","99","-49","-86","-70","69","-51","51","72"
"106","151","45","0","100","-48","-51","99","-48","-86","-69","69","-51","51","72"
"107","152","45","0","100","-46","-53","99","-46","-87","-69","69","-51","51","72"
"108","153","45","0","100","-45","-54","99","-45","-88","-69","69","-51","51","72"
"109","154","45","0","100","-43","-56","99","-43","-89","-70","69","-51","51","72"
"110","155","45","0","100","-42","-57","99","-42","-90","-70","70","-51","51","72"
"111","156","45","0","100","-40","-59","99","-40","-91","-70","69","-51","51","72"
"112","157","45","0","100","-39","-60","99","-39","-91","-69","70","-51","51","72"
"113","158","45","0","100","-37","-61","98","-37","-91","-69","69","-51","51","72"
"114","159","45","0","100","-35","-63","98","-35","-92","-69","69","-51","51","72"
"115","160","45","0","100","-34","-64","98","-34","-93","-69","70","-51","51","72"
"116","161","45","0","100","-32","-65","97","-32","-93","-69","69","-51","51","72"
"117","162","45","0","100","-30","-67","97","-30","-94","-70","69","-51","51","72"
"118","163","45","0","100","-29","-68","97","-29","-95","-70","70","-51","51","72"
"119","164","45","0","100","-27","-69","96","-27","-95","-69","69","-51","51","72"
"120","165","45","0","100","-25","-71","96","-25","-96","-70","69","-51","51","72"
"121","166","45","0","100","-24","-72","96","-24","-96","-69","70","-51","51","72"
"122","167","45","0","100","-22","-73","95","-22","-96","-69","69","-51","51","72"
"123","168","45","0","100","-20","-74","94","-20","-96","-69","69","-51","51","72"
"124","169","45","0","100","-19","-75","94","-19","-97","-69","69","-51","51","72"
"125","170","45","0","100","-17","-76","93","-17","-97","-69","69","-51","51","72"
"126","171","45","0","100","-15","-78","93","-15","-98","-70","69","-51","51","72"
"127","172","45","0","100","-13","-79","92","-13","-98","-70","69","-51","51","72"
"128","173","45","0","100","-12","-79","91","-12","-98","-69","69","-51","51","72"
"129","174","45","0","100","-10","-81","91","-10","-99","-70","70","-51","51","72"
"130","175","45","0","100","-8","-82","90","-8","-99","-70","69","-51","51","72"
"131","176","45","0","100","-6","-83","89","-6","-99","-70","69","-51","51","72"
"132","177","45","0","100","-5","-83","88","-5","-98","-69","69","-51","51","72"
"133","178","45","0","100","-3","-85","88","-3","-99","-70","69","-51","51","72"
"134","179","45","0","100","-1","-86","87","-1","-99","-70","69","-51","51","72"
"135","180","45","0","100","0","-86","86","0","-99","-70","70","-51","51","72"
"136","181","45","0","100","1","-87","86","1","-99","-69","70","-51","51","72"
"137","182","45","0","100","3","-88","85","3","-99","-69","70","-51","51","72"
"138","183","45","0","100","5","-88","83","5","-98","-69","69","-51","51","72"
"139","184","45","0","100","6","-89","83","6","-99","-69","70","-51","51","72"
"140","185","45","0","100","8","-90","82","8","-99","-69","70","-51","51","72"
"141","186","45","0","100","10","-91","81","10","-99","-70","70","-51","51","72"
"142","187","45","0","100","12","-91","79","12","-98","-69","69","-51","51","72"
"143","188","45","0","100","13","-92","79","13","-98","-69","70","-51","51","72"
"144","189","45","0","100","15","-93","78","15","-98","-69","70","-51","51","72"
"145","190","45","0","100","17","-93","76","17","-97","-69","69","-51","51","72"
"146","191","45","0","100","19","-94","75","19","-97","-69","69","-51","51","72"
"147","192","45","0","100","20","-94","74","20","-96","-69","69","-51","51","72"
"148","193","45","0","100","22","-95","73","22","-96","-69","69","-51","51","72"
"149","194","45","0","100","24","-96","72","24","-96","-70","69","-51","51","72"
"150","195","45","0","100","25","-96","71","25","-96","-69","70","-51","51","72"
"151","196","45","0","100","27","-96","69","27","-95","-69","69","-51","51","72"
"152","197","45","0","100","29","-97","68","29","-95","-70","70","-51","51","72"
"153","198","45","0","100","30","-97","67","30","-94","-69","70","-51","51","72"
"154","199","45","0","100","32","-97","65","32","-93","-69","69","-51","51","72"
"155","200","45","0","100","34","-98","64","34","-93","-70","69","-51","51","72"
"156","201","45","0","100","35","-98","63","35","-92","-69","69","-51","51","72"
"157","202","45","0","100","37","-98","61","37","-91","-69","69","-51","51","72"
"158","203","45","0","100","39","-99","60","39","-91","-70","69","-51","51","72"
"159","204","45","0","100","40","-99","59","40","-91","-69","70","-51","51","72"
"160","205","45","0","100","42","-99","57","42","-90","-70","70","-51","51","72"
"161","206","45","0","100","43","-99","56","43","-89","-69","70","-51","51","72"
"162","207","45","0","100","45","-99","54","45","-88","-69","69","-51","51","72"
"163","208","45","0","100","46","-99","53","46","-87","-69","69","-51","51","72"
"164","209","45","0","100","48","-99","51","48","-86","-69","69","-51","51","72"
"165","210","45","0","100","50","-100","50","50","-86","-70","70","-51","51","72"
"166","211","45","0","100","51","-99","48","51","-84","-69","69","-51","51","72"
"167","212","45","0","100","52","-99","47","52","-84","-69","70","-51","51","72"
"168","213","45","0","100","54","-99","45","54","-83","-70","69","-51","51","72"
"169","214","45","0","100","55","-99","44","55","-82","-69","69","-51","51","72"
"170","215","45","0","100","57","-99","42","57","-81","-70","69","-51","51","72"
"171","216","45","0","100","58","-99","41","58","-80","-69","69","-51","51","72"
"172","217","45","0","100","60","-99","39","60","-79","-70","69","-51","51","72"
"173","218","45","0","100","61","-98","37","61","-77","-69","68","-51","51","72"
"174","219","45","0","100","62","-98","36","62","-77","-69","70","-51","51","72"
"175","220","45","0","100","64","-98","34","64","-76","-70","70","-51","51","72"
"176","221","45","0","100","65","-97","32","65","-74","-70","69","-51","51","72"
"177","222","45","0","100","66","-97","31","66","-73","-69","69","-51","51","72"
"178","223","45","0","100","68","-97","29","68","-72","-70","69","-51","51","72"
"179","224","45","0","100","69","-96","27","69","-71","-70","69","-51","51","72"
"180","225","45","0","100","70","-96","26","70","-70","-70","69","-51","51","72"
"181","226","45","0","100","71","-95","24","71","-68","-69","69","-51","51","72"
"182","227","45","0","100","73","-95","22","73","-67","-70","69","-51","51","72"
"183","228","45","0","100","74","-94","20","74","-65","-70","68","-51","51","72"
"184","229","45","0","100","75","-94","19","75","-65","-70","70","-51","51","72"
"185","230","45","0","100","76","-93","17","76","-63","-70","69","-51","51","72"
"186","231","45","0","100","77","-93","16","77","-62","-70","69","-51","51","72"
"187","232","45","0","100","78","-92","14","78","-61","-69","70","-51","51","72"
"188","233","45","0","100","79","-91","12","79","-59","-70","69","-51","51","72"
"189","234","45","0","100","80","-90","10","80","-57","-70","68","-51","51","72"
"190","235","45","0","100","81","-90","9","81","-57","-69","70","-51","51","72"
"191","236","45","0","100","82","-89","7","82","-55","-69","69","-51","51","72"
"192","237","45","0","100","83","-88","5","83","-53","-70","69","-51","51","72"
"193","238","45","0","100","84","-87","3","84","-51","-70","68","-51","51","72"
"194","239","45","0","100","85","-87","2","85","-51","-70","70","-51","51","72"
"195","240","45","0","100","86","-86","0","86","-49","-70","69","-51","51","72"
"196","241","45","0","100","87","-85","-2","87","-47","-70","69","-51","51","72"
"197","242","45","0","100","88","-84","-4","88","-46","-70","69","-51","51","72"
"198","243","45","0","100","89","-83","-6","89","-44","-71","69","-51","51","72"
"199","244","45","0","100","89","-82","-7","89","-43","-70","69","-51","51","72"
"200","245","45","0","100","90","-81","-9","90","-41","-70","69","-51","51","72"
"201","246","45","0","100","91","-80","-11","91","-39","-70","69","-51","51","72"
"202","247","45","0","100","92","-79","-13","92","-38","-71","69","-51","51","72"
"203","248","45","0","100","92","-78","-14","92","-36","-70","69","-51","51","72"
"204","249","45","0","100","93","-77","-16","93","-35","-70","69","-51","51","72"
"205","250","45","0","100","93","-76","-17","93","-34","-69","70","-51","51","72"
"206","251","45","0","100","94","-75","-19","94","-32","-70","69","-51","51","72"
"207","252","45","0","100","95","-74","-21","95","-30","-71","69","-51","51","72"
"208","253","45","0","100","95","-72","-23","95","-28","-70","69","-51","51","72"
"209","254","45","0","100","96","-71","-25","96","-26","-71","69","-51","51","72"
"210","255","45","0","100","96","-70","-26","96","-25","-70","69","-51","51","72"
"211","256","45","0","100","97","-69","-28","97","-23","-71","69","-51","51","72"
"212","257","45","0","100","97","-67","-30","97","-21","-71","69","-51","51","72"
"213","258","45","0","100","97","-66","-31","97","-20","-70","69","-51","51","72"
"214","259","45","0","100","98","-65","-33","98","-18","-71","69","-51","51","72"
"215","260","45","0","100","98","-64","-34","98","-17","-70","70","-51","51","72"
"216","261","45","0","100","98","-62","-36","98","-15","-70","69","-51","51","72"
"217","262","45","0","100","99","-61","-38","99","-13","-71","69","-51","51","72"
"218","263","45","0","100","99","-60","-39","99","-12","-70","70","-51","51","72"
"219","264","45","0","100","99","-58","-41","99","-9","-71","69","-51","51","72"
"220","265","45","0","100","99","-57","-42","99","-8","-70","69","-51","51","72"
"221","266","45","0","100","99","-55","-44","99","-6","-70","69","-51","51","72"
"222","267","45","0","100","99","-54","-45","99","-5","-70","69","-51","51","72"
"223","268","45","0","100","99","-52","-47","99","-2","-71","68","-51","51","72"
"224","269","45","0","100","99","-51","-48","99","-1","-70","69","-51","51","72"
"225","270","45","0","100","100","-50","-50","100","0","-70","70","-51","51","72"
"226","271","45","0","100","99","-47","-52","99","2","-70","69","-51","51","72"
"227","272","45","0","100","99","-46","-53","99","4","-70","69","-51","51","72"
"228","273","45","0","100","99","-44","-55","99","6","-70","69","-51","51","72"
"229","274","45","0","100","99","-43","-56","99","7","-70","70","-51","51","72"
"230","275","45","0","100","99","-41","-58","99","9","-70","70","-51","51","72"
"231","276","45","0","100","99","-40","-59","99","10","-70","70","-51","51","72"
"232","277","45","0","100","99","-38","-61","99","13","-71","70","-51","51","72"
"233","278","45","0","100","99","-37","-62","99","14","-70","70","-51","51","72"
"234","279","45","0","100","98","-35","-63","98","16","-70","69","-51","51","72"
"235","280","45","0","100","98","-33","-65","98","18","-70","69","-51","51","72"
"236","281","45","0","100","98","-32","-66","98","19","-70","70","-51","51","72"
"237","282","45","0","100","97","-30","-67","97","21","-70","69","-51","51","72"
"238","283","45","0","100","97","-29","-68","97","22","-70","70","-51","51","72"
"239","284","45","0","100","97","-27","-70","97","24","-70","70","-51","51","72"
"240","285","45","0","100","96","-25","-71","96","26","-70","70","-51","51","72"
"241","286","45","0","100","96","-24","-72","96","27","-70","70","-51","51","72"
"242","287","45","0","100","95","-22","-73","95","29","-70","70","-51","51","72"
"243","288","45","0","100","95","-20","-75","95","31","-70","70","-51","51","72"
"244","289","45","0","100","94","-18","-76","94","33","-70","70","-51","51","72"
"245","290","45","0","100","93","-16","-77","93","35","-71","69","-51","51","72"
"246","291","45","0","100","93","-15","-78","93","36","-70","70","-51","51","72"
"247","292","45","0","100","92","-13","-79","92","38","-70","69","-51","51","72"
"248","293","45","0","100","92","-12","-80","92","39","-70","70","-51","51","72"
"249","294","45","0","100","91","-10","-81","91","40","-69","70","-51","51","72"
"250","295","45","0","100","90","-8","-82","90","42","-70","70","-51","51","72"
"251","296","45","0","100","89","-6","-83","89","44","-70","69","-51","51","72"
"252","297","45","0","100","89","-5","-84","89","45","-70","70","-51","51","72"
"253","298","45","0","100","88","-3","-85","88","47","-70","70","-51","51","72"
"254","299","45","0","100","87","-1","-86","87","49","-71","70","-51","51","72"
"255","300","45","0","100","86","0","-86","86","49","-69","70","-51","51","72"
"256","301","45","0","100","85","2","-87","85","51","-70","70","-51","51","72"
"257","302","45","0","100","84","3","-87","84","51","-68","70","-51","51","72"
"258","303","45","0","100","83","5","-88","83","53","-69","70","-51","51","72"
"259","304","45","0","100","82","7","-89","82","55","-69","69","-51","51","72"
"260","305","45","0","100","81","9","-90","81","57","-70","69","-51","51","72"
"261","306","45","0","100","80","10","-90","80","57","-68","70","-51","51","72"
"262","307","45","0","100","79","12","-91","79","59","-69","70","-51","51","72"
"263","308","45","0","100","78","14","-92","78","61","-70","69","-51","51","72"
"264","309","45","0","100","77","16","-93","77","62","-69","70","-51","51","72"
"265","310","45","0","100","76","17","-93","76","63","-69","70","-51","51","72"
"266","311","45","0","100","75","19","-94","75","65","-70","70","-51","51","72"
"267","312","45","0","100","74","20","-94","74","65","-68","70","-51","51","72"
"268","313","45","0","100","73","22","-95","73","67","-69","70","-51","51","72"
"269","314","45","0","100","71","24","-95","71","68","-69","69","-51","51","72"
"270","315","45","0","100","70","26","-96","70","70","-70","69","-51","51","72"
"271","316","45","0","100","69","27","-96","69","71","-69","70","-51","51","72"
"272","317","45","0","100","68","29","-97","68","72","-69","70","-51","51","72"
"273","318","45","0","100","66","31","-97","66","73","-69","69","-51","51","72"
"274","319","45","0","100","65","32","-97","65","74","-69","70","-51","51","72"
"275","320","45","0","100","64","34","-98","64","76","-70","70","-51","51","72"
"276","321","45","0","100","62","36","-98","62","77","-70","69","-51","51","72"
"277","322","45","0","100","61","37","-98","61","77","-68","69","-51","51","72"
"278","323","45","0","100","60","39","-99","60","79","-69","70","-51","51","72"
"279","324","45","0","100","58","41","-99","58","80","-69","69","-51","51","72"
"280","325","45","0","100","57","42","-99","57","81","-69","70","-51","51","72"
"281","326","45","0","100","55","44","-99","55","82","-69","69","-51","51","72"
"282","327","45","0","100","54","45","-99","54","83","-69","70","-51","51","72"
"283","328","45","0","100","52","47","-99","52","84","-70","69","-51","51","72"
"284","329","45","0","100","51","48","-99","51","84","-69","69","-51","51","72"
"285","330","45","0","100","50","49","-99","50","85","-69","70","-51","51","72"
"286","331","45","0","100","48","51","-99","48","86","-69","69","-51","51","72"
"287","332","45","0","100","46","53","-99","46","87","-69","69","-51","51","72"
"288","333","45","0","100","45","54","-99","45","88","-69","69","-51","51","72"
"289","334","45","0","100","43","56","-99","43","89","-70","69","-51","51","72"
"290","335","45","0","100","42","57","-99","42","90","-70","70","-51","51","72"
"291","336","45","0","100","40","59","-99","40","91","-70","69","-51","51","72"
"292","337","45","0","100","39","60","-99","39","91","-69","70","-51","51","72"
"293","338","45","0","100","37","61","-98","37","91","-69","69","-51","51","72"
"294","339","45","0","100","35","63","-98","35","92","-69","69","-51","51","72"
"295","340","45","0","100","34","64","-98","34","93","-69","70","-51","51","72"
"296","341","45","0","100","32","65","-97","32","93","-69","69","-51","51","72"
"297","342","45","0","100","30","67","-97","30","94","-70","69","-51","51","72"
"298","343","45","0","100","29","68","-97","29","95","-70","70","-51","51","72"
"299","344","45","0","100","27","69","-96","27","95","-69","69","-51","51","72"
"300","345","45","0","100","25","71","-96","25","96","-70","69","-51","51","72"
"301","346","45","0","100","24","72","-96","24","96","-69","70","-51","51","72"
"302","347","45","0","100","22","73","-95","22","96","-69","69","-51","51","72"
"303","348","45","0","100","20","74","-94","20","96","-69","69","-51","51","72"
"304","349","45","0","100","19","75","-94","19","97","-69","69","-51","51","72"
"305","350","45","0","100","17","76","-93","17","97","-69","69","-51","51","72"
"306","351","45","0","100","15","78","-93","15","98","-70","69","-51","51","72"
"307","352","45","0","100","13","79","-92","13","98","-70","69","-51","51","72"
"308","353","45","0","100","12","79","-91","12","98","-69","69","-51","51","72"
"309","354","45","0","100","10","81","-91","10","99","-70","70","-51","51","72"
"310","355","45","0","100","8","82","-90","8","99","-70","69","-51","51","72"
"311","356","45","0","100","6","83","-89","6","99","-70","69","-51","51","72"
"312","357","45","0","100","5","83","-88","5","98","-69","69","-51","51","72"
"313","358","45","0","100","3","85","-88","3","99","-70","69","-51","51","72"
"314","359","45","0","100","1","86","-87","1","99","-70","69","-51","51","72"
"315","0","45","0","100","0","86","-86","0","99","-70","70","-51","51","72"
"316","1","45","0","100","-1","87","-86","-1","99","-69","70","-51","51","72"
"317","2","45","0","100","-3","88","-85","-3","99","-69","70","-51","51","72"
"318","3","45","0","100","-5","88","-83","-5","98","-69","69","-51","51","72"
"319","4","45","0","100","-6","89","-83","-6","99","-69","70","-51","51","72"
"320","5","45","0","100","-8","90","-82","-8","99","-69","70","-51","51","72"
"321","6","45","0","100","-10","91","-81","-10","99","-70","70","-51","51","72"
"322","7","45","0","100","-12","91","-79","-12","98","-69","69","-51","51","72"
"323","8","45","0","100","-13","92","-79","-13","98","-69","70","-51","51","72"
"324","9","45","0","100","-15","93","-78","-15","98","-69","70","-51","51","72"
"325","10","45","0","100","-17","93","-76","-17","97","-69","69","-51","51","72"
"326","11","45","0","100","-19","94","-75","-19","97","-69","69","-51","51","72"
"327","12","45","0","100","-20","94","-74","-20","96","-69","69","-51","51","72"
"328","13","45","0","100","-22","95","-73","-22","96","-69","69","-51","51","72"
"329","14","45","0","100","-24","96","-72","-24","96","-70","69","-51","51","72"
"330","15","45","0","100","-25","96","-71","-25","96","-69","70","-51","51","72"
"331","16","45","0","100","-27","96","-69","-27","95","-69","69","-51","51","72"
"332","17","45","0","100","-29","97","-68","-29","95","-70","70","-51","51","72"
"333","18","45","0","100","-30","97","-67","-30","94","-69","70","-51","51","72"
"334","19","45","0","100","-32","97","-65","-32","93","-69","69","-51","51","72"
"335","20","45","0","100","-34","98","-64","-34","93","-70","69","-51","51","72"
"336","21","45","0","100","-35","98","-63","-35","92","-69","69","-51","51","72"
"337","22","45","0","100","-37","98","-61","-37","91","-69","69","-51","51","72"
"338","23","45","0","100","-39","99","-60","-39","91","-70","69","-51","51","72"
"339","24","45","0","100","-40","99","-59","-40","91","-69","70","-51","51","72"
"340","25","45","0","100","-42","99","-57","-42","90","-70","70","-51","51","72"
"341","26","45","0","100","-43","99","-56","-43","89","-69","70","-51","51","72"
"342","27","45","0","100","-45","99","-54","-45","88","-69","69","-51","51","72"
"343","28","45","0","100","-46","99","-53","-46","87","-69","69","-51","51","72"
"344","29","45","0","100","-48","99","-51","-48","86","-69","69","-51","51","72"
"345","30","45","0","100","-49","99","-50","-49","86","-69","70","-51","51","72"
"346","31","45","0","100","-51","99","-48","-51","84","-69","69","-51","51","72"
"347","32","45","0","100","-52","99","-47","-52","84","-69","70","-51","51","72"
"348","33","45","0","100","-54","99","-45","-54","83","-70","69","-51","51","72"
"349","34","45","0","100","-55","99","-44","-55","82","-69","69","-51","51","72"
"350","35","45","0","100","-57","99","-42","-57","81","-70","69","-51","51","72"
"351","36","45","0","100","-58","99","-41","-58","80","-69","69","-51","51","72"
"352","37","45","0","100","-60","99","-39","-60","79","-70","69","-51","51","72"
"353","38","45","0","100","-61","98","-37","-61","77","-69","68","-51","51","72"
"354","39","45","0","100","-62","98","-36","-62","77","-69","70","-51","51","72"
"355","40","45","0","100","-64","98","-34","-64","76","-70","70","-51","51","72"
"356","41","45","0","100","-65","97","-32","-65","74","-70","69","-51","51","72"
"357","42","45","0","100","-66","97","-31","-66","73","-69","69","-51","51","72"
"358","43","45","0","100","-68","97","-29","-68","72","-70","69","-51","51","72"
"359","44","45","0","100","-69","96","-27","-69","71","-70","69","-51","51","72"
"360","45","45","0","100","-70","96","-26","-70","70","-70","69","-51","51","72"
